id_no,tweet_id,tweet_created_at,tweet_text,in_reply to status_id,in_reply_to_screen_name,in_reply_to_status_id_str,in_reply_to_user_id,in_reply_to_user_id_str,favorite_count,retweet_count,source,user_location,entities,followers_count,foliowing,friends_count,follow_request_sent,user_name,user_protected,user-verified,lang,user_description,geo_enabled,user_screen_name,user_statuses_count,tweet_truncated,tweet_is_quote_status
1,1.31146E+18,9/30/2020 23:59,"AutoEQ Ml2.8 2020-09-30 23:57 UTC [2020-09-30 16:57 PDT] 2 mi ENE of Westmorland, CA depth 09 km https://t.co/MNtmfNaJNL",None,None,None,None,None,1,0,twty,"Pasadena, CA","{'hashtags': [], 'symbols': [], 'user_mentions': [], 'urls': [{'url': 'https://t.co/MNtmfNaJNL', 'expanded_url': 'http://earthquake.usgs.gov/earthquakes/eventpage/ci39641280#executive', 'display_url': 'earthquake.usgs.gov/earthquakes/ev…', 'indices': [97, 120]}]}",3673,FALSE,3,FALSE,Caltech Quake Bot,FALSE,FALSE,en,"Results preliminary and subject to change upon review. Visit our website for more info. ""AutoEQ"" = Automated post. All others are manual posts by the SCSN.",FALSE,CaltechQuake,7177,FALSE,FALSE
2,1.31145E+18,9/30/2020 23:47,"AutoEQ Ml3.0 2020-09-30 23:45 UTC [2020-09-30 16:45 PDT] 2 mi ENE of Westmorland, CA depth 03 km https://t.co/Gk4HdLYcV4",None,None,None,None,None,0,0,twty,"Pasadena, CA","{'hashtags': [], 'symbols': [], 'user_mentions': [], 'urls': [{'url': 'https://t.co/Gk4HdLYcV4', 'expanded_url': 'http://earthquake.usgs.gov/earthquakes/eventpage/ci39641176#executive', 'display_url': 'earthquake.usgs.gov/earthquakes/ev…', 'indices': [97, 120]}]}",3673,FALSE,3,FALSE,Caltech Quake Bot,FALSE,FALSE,en,"Results preliminary and subject to change upon review. Visit our website for more info. ""AutoEQ"" = Automated post. All others are manual posts by the SCSN.",FALSE,CaltechQuake,7177,FALSE,FALSE
3,1.31145E+18,9/30/2020 23:41,"AutoEQ Ml3.0 2020-09-30 23:39 UTC [2020-09-30 16:39 PDT] 3 mi E of Westmorland, CA depth 07 km https://t.co/G7G5vXSBIo",None,None,None,None,None,1,0,twty,"Pasadena, CA","{'hashtags': [], 'symbols': [], 'user_mentions': [], 'urls': [{'url': 'https://t.co/G7G5vXSBIo', 'expanded_url': 'http://earthquake.usgs.gov/earthquakes/eventpage/ci39641136#executive', 'display_url': 'earthquake.usgs.gov/earthquakes/ev…', 'indices': [95, 118]}]}",3673,FALSE,3,FALSE,Caltech Quake Bot,FALSE,FALSE,en,"Results preliminary and subject to change upon review. Visit our website for more info. ""AutoEQ"" = Automated post. All others are manual posts by the SCSN.",FALSE,CaltechQuake,7177,FALSE,FALSE
4,1.31145E+18,9/30/2020 23:40,"AutoEQ Ml3.0 2020-09-30 23:38 UTC [2020-09-30 16:38 PDT] 2 mi ENE of Westmorland, CA depth 03 km https://t.co/917E7lJWff",None,None,None,None,None,1,0,twty,"Pasadena, CA","{'hashtags': [], 'symbols': [], 'user_mentions': [], 'urls': [{'url': 'https://t.co/917E7lJWff', 'expanded_url': 'http://earthquake.usgs.gov/earthquakes/eventpage/ci39641112#executive', 'display_url': 'earthquake.usgs.gov/earthquakes/ev…', 'indices': [97, 120]}]}",3673,FALSE,3,FALSE,Caltech Quake Bot,FALSE,FALSE,en,"Results preliminary and subject to change upon review. Visit our website for more info. ""AutoEQ"" = Automated post. All others are manual posts by the SCSN.",FALSE,CaltechQuake,7177,FALSE,FALSE
5,1.31145E+18,9/30/2020 23:36,"AutoEQ Ml3.3 2020-09-30 23:34 UTC [2020-09-30 16:34 PDT] 1 mi NE of Westmorland, CA depth 01 km https://t.co/zKf3A82gZo",None,None,None,None,None,1,0,twty,"Pasadena, CA","{'hashtags': [], 'symbols': [], 'user_mentions': [], 'urls': [{'url': 'https://t.co/zKf3A82gZo', 'expanded_url': 'http://earthquake.usgs.gov/earthquakes/eventpage/ci39641088#executive', 'display_url': 'earthquake.usgs.gov/earthquakes/ev…', 'indices': [96, 119]}]}",3673,FALSE,3,FALSE,Caltech Quake Bot,FALSE,FALSE,en,"Results preliminary and subject to change upon review. Visit our website for more info. ""AutoEQ"" = Automated post. All others are manual posts by the SCSN.",FALSE,CaltechQuake,7177,FALSE,FALSE
6,1.31145E+18,9/30/2020 23:35,"AutoEq #EarthquakeSwarm rate increase for #BrawleySeismicZone 2020/09/30 23:10:57 UTC, 37.4/hr M&gt;=1.2. https://t.co/wQkTgwZPmT",None,None,None,None,None,2,0,twty,"Pasadena, CA","{'hashtags': [{'text': 'EarthquakeSwarm', 'indices': [7, 23]}, {'text': 'BrawleySeismicZone', 'indices': [42, 61]}], 'symbols': [], 'user_mentions': [], 'urls': [{'url': 'https://t.co/wQkTgwZPmT', 'expanded_url': 'http://www.scsn.org/index.php/earthquakes/earthquake-swarms/', 'display_url': 'scsn.org/index.php/eart…', 'indices': [106, 129]}]}",3673,FALSE,3,FALSE,Caltech Quake Bot,FALSE,FALSE,en,"Results preliminary and subject to change upon review. Visit our website for more info. ""AutoEQ"" = Automated post. All others are manual posts by the SCSN.",FALSE,CaltechQuake,7177,FALSE,FALSE
7,1.31145E+18,9/30/2020 23:34,"AutoEQ Mlr3.9 2020-09-30 23:31 UTC [2020-09-30 16:31 PDT] 2 mi ENE of Westmorland, CA depth 08 km https://t.co/t88v0SLAdG",None,None,None,None,None,2,0,twty,"Pasadena, CA","{'hashtags': [], 'symbols': [], 'user_mentions': [], 'urls': [{'url': 'https://t.co/t88v0SLAdG', 'expanded_url': 'http://earthquake.usgs.gov/earthquakes/eventpage/ci39641064#executive', 'display_url': 'earthquake.usgs.gov/earthquakes/ev…', 'indices': [98, 121]}]}",3673,FALSE,3,FALSE,Caltech Quake Bot,FALSE,FALSE,ro,"Results preliminary and subject to change upon review. Visit our website for more info. ""AutoEQ"" = Automated post. All others are manual posts by the SCSN.",FALSE,CaltechQuake,7177,FALSE,FALSE
8,1.31145E+18,9/30/2020 23:33,"AutoEQ Ml2.8 2020-09-30 23:31 UTC [2020-09-30 16:31 PDT] 1 mi ENE of Westmorland, CA depth 01 km https://t.co/xUmlZcFUcu",None,None,None,None,None,1,0,twty,"Pasadena, CA","{'hashtags': [], 'symbols': [], 'user_mentions': [], 'urls': [{'url': 'https://t.co/xUmlZcFUcu', 'expanded_url': 'http://earthquake.usgs.gov/earthquakes/eventpage/ci39641056#executive', 'display_url': 'earthquake.usgs.gov/earthquakes/ev…', 'indices': [97, 120]}]}",3673,FALSE,3,FALSE,Caltech Quake Bot,FALSE,FALSE,en,"Results preliminary and subject to change upon review. Visit our website for more info. ""AutoEQ"" = Automated post. All others are manual posts by the SCSN.",FALSE,CaltechQuake,7177,FALSE,FALSE
9,1.31145E+18,9/30/2020 23:32,"AutoEQ Ml2.9 2020-09-30 23:30 UTC [2020-09-30 16:30 PDT] 2 mi ENE of Westmorland, CA depth 07 km https://t.co/AMUHn7vb3J",None,None,None,None,None,1,0,twty,"Pasadena, CA","{'hashtags': [], 'symbols': [], 'user_mentions': [], 'urls': [{'url': 'https://t.co/AMUHn7vb3J', 'expanded_url': 'http://earthquake.usgs.gov/earthquakes/eventpage/ci39641048#executive', 'display_url': 'earthquake.usgs.gov/earthquakes/ev…', 'indices': [97, 120]}]}",3673,FALSE,3,FALSE,Caltech Quake Bot,FALSE,FALSE,en,"Results preliminary and subject to change upon review. Visit our website for more info. ""AutoEQ"" = Automated post. All others are manual posts by the SCSN.",FALSE,CaltechQuake,7177,FALSE,FALSE
10,1.31145E+18,9/30/2020 23:21,"AutoEQ Ml3.1 2020-09-30 23:19 UTC [2020-09-30 16:19 PDT] 2 mi ENE of Westmorland, CA depth 04 km https://t.co/5GdtLGfm8o",None,None,None,None,None,1,0,twty,"Pasadena, CA","{'hashtags': [], 'symbols': [], 'user_mentions': [], 'urls': [{'url': 'https://t.co/5GdtLGfm8o', 'expanded_url': 'http://earthquake.usgs.gov/earthquakes/eventpage/ci39640848#executive', 'display_url': 'earthquake.usgs.gov/earthquakes/ev…', 'indices': [97, 120]}]}",3673,FALSE,3,FALSE,Caltech Quake Bot,FALSE,FALSE,en,"Results preliminary and subject to change upon review. Visit our website for more info. ""AutoEQ"" = Automated post. All others are manual posts by the SCSN.",FALSE,CaltechQuake,7177,FALSE,FALSE
11,1.31145E+18,9/30/2020 23:17,"AutoEQ Ml3.2 2020-09-30 23:15 UTC [2020-09-30 16:15 PDT] 2 mi ENE of Westmorland, CA depth 04 km https://t.co/PFRgtbe50O",None,None,None,None,None,1,0,twty,"Pasadena, CA","{'hashtags': [], 'symbols': [], 'user_mentions': [], 'urls': [{'url': 'https://t.co/PFRgtbe50O', 'expanded_url': 'http://earthquake.usgs.gov/earthquakes/eventpage/ci39640688#executive', 'display_url': 'earthquake.usgs.gov/earthquakes/ev…', 'indices': [97, 120]}]}",3673,FALSE,3,FALSE,Caltech Quake Bot,FALSE,FALSE,en,"Results preliminary and subject to change upon review. Visit our website for more info. ""AutoEQ"" = Automated post. All others are manual posts by the SCSN.",FALSE,CaltechQuake,7177,FALSE,FALSE
12,1.31144E+18,9/30/2020 23:16,"AutoEQ Ml3.2 2020-09-30 23:14 UTC [2020-09-30 16:14 PDT] 3 mi ESE of Imperial, CA depth 00 km https://t.co/GvOAw9YchJ",None,None,None,None,None,1,0,twty,"Pasadena, CA","{'hashtags': [], 'symbols': [], 'user_mentions': [], 'urls': [{'url': 'https://t.co/GvOAw9YchJ', 'expanded_url': 'http://earthquake.usgs.gov/earthquakes/eventpage/ci39640584#executive', 'display_url': 'earthquake.usgs.gov/earthquakes/ev…', 'indices': [94, 117]}]}",3673,FALSE,3,FALSE,Caltech Quake Bot,FALSE,FALSE,ro,"Results preliminary and subject to change upon review. Visit our website for more info. ""AutoEQ"" = Automated post. All others are manual posts by the SCSN.",FALSE,CaltechQuake,7177,FALSE,FALSE
13,1.31144E+18,9/30/2020 23:16,"AutoEQ Ml3.2 2020-09-30 23:14 UTC [2020-09-30 16:14 PDT] 3 mi ESE of Imperial, CA depth 00 km https://t.co/GvOAw9YchJ",None,None,None,None,None,1,0,twty,"Pasadena, CA","{'hashtags': [], 'symbols': [], 'user_mentions': [], 'urls': [{'url': 'https://t.co/GvOAw9YchJ', 'expanded_url': 'http://earthquake.usgs.gov/earthquakes/eventpage/ci39640584#executive', 'display_url': 'earthquake.usgs.gov/earthquakes/ev…', 'indices': [94, 117]}]}",3673,FALSE,3,FALSE,Caltech Quake Bot,FALSE,FALSE,ro,"Results preliminary and subject to change upon review. Visit our website for more info. ""AutoEQ"" = Automated post. All others are manual posts by the SCSN.",FALSE,CaltechQuake,7177,FALSE,FALSE
14,1.31144E+18,9/30/2020 23:15,"AutoEQ Ml3.2 2020-09-30 23:13 UTC [2020-09-30 16:13 PDT] 19 mi NE of Holtville, CA depth 00 km https://t.co/qXoThiR6Rh",None,None,None,None,None,1,0,twty,"Pasadena, CA","{'hashtags': [], 'symbols': [], 'user_mentions': [], 'urls': [{'url': 'https://t.co/qXoThiR6Rh', 'expanded_url': 'http://earthquake.usgs.gov/earthquakes/eventpage/ci39640568#executive', 'display_url': 'earthquake.usgs.gov/earthquakes/ev…', 'indices': [95, 118]}]}",3673,FALSE,3,FALSE,Caltech Quake Bot,FALSE,FALSE,fr,"Results preliminary and subject to change upon review. Visit our website for more info. ""AutoEQ"" = Automated post. All others are manual posts by the SCSN.",FALSE,CaltechQuake,7177,FALSE,FALSE
15,1.31144E+18,9/30/2020 23:14,"AutoEQ Ml2.9 2020-09-30 23:12 UTC [2020-09-30 16:12 PDT] 2 mi ENE of Westmorland, CA depth 05 km https://t.co/acCmOvaXpO",None,None,None,None,None,1,0,twty,"Pasadena, CA","{'hashtags': [], 'symbols': [], 'user_mentions': [], 'urls': [{'url': 'https://t.co/acCmOvaXpO', 'expanded_url': 'http://earthquake.usgs.gov/earthquakes/eventpage/ci39640560#executive', 'display_url': 'earthquake.usgs.gov/earthquakes/ev…', 'indices': [97, 120]}]}",3673,FALSE,3,FALSE,Caltech Quake Bot,FALSE,FALSE,en,"Results preliminary and subject to change upon review. Visit our website for more info. ""AutoEQ"" = Automated post. All others are manual posts by the SCSN.",FALSE,CaltechQuake,7177,FALSE,FALSE
16,1.31144E+18,9/30/2020 23:10,"AutoEq #EarthquakeSwarm starts for #BrawleySeismicZone 2020/09/30 22:10:57 UTC, 10.0/hr M&gt;=1.2. https://t.co/wQkTgwZPmT",None,None,None,None,None,2,0,twty,"Pasadena, CA","{'hashtags': [{'text': 'EarthquakeSwarm', 'indices': [7, 23]}, {'text': 'BrawleySeismicZone', 'indices': [35, 54]}], 'symbols': [], 'user_mentions': [], 'urls': [{'url': 'https://t.co/wQkTgwZPmT', 'expanded_url': 'http://www.scsn.org/index.php/earthquakes/earthquake-swarms/', 'display_url': 'scsn.org/index.php/eart…', 'indices': [99, 122]}]}",3673,FALSE,3,FALSE,Caltech Quake Bot,FALSE,FALSE,da,"Results preliminary and subject to change upon review. Visit our website for more info. ""AutoEQ"" = Automated post. All others are manual posts by the SCSN.",FALSE,CaltechQuake,7177,FALSE,FALSE
17,1.31144E+18,9/30/2020 23:10,"AutoEQ Ml3.2 2020-09-30 23:08 UTC [2020-09-30 16:08 PDT] 2 mi ENE of Westmorland, CA depth 07 km https://t.co/yCtlSjwr5p",None,None,None,None,None,1,0,twty,"Pasadena, CA","{'hashtags': [], 'symbols': [], 'user_mentions': [], 'urls': [{'url': 'https://t.co/yCtlSjwr5p', 'expanded_url': 'http://earthquake.usgs.gov/earthquakes/eventpage/ci39640536#executive', 'display_url': 'earthquake.usgs.gov/earthquakes/ev…', 'indices': [97, 120]}]}",3673,FALSE,3,FALSE,Caltech Quake Bot,FALSE,FALSE,en,"Results preliminary and subject to change upon review. Visit our website for more info. ""AutoEQ"" = Automated post. All others are manual posts by the SCSN.",FALSE,CaltechQuake,7177,FALSE,FALSE
18,1.31144E+18,9/30/2020 23:08,"AutoEQ Mlr3.5 2020-09-30 23:06 UTC [2020-09-30 16:06 PDT] 2 mi ENE of Westmorland, CA depth 03 km https://t.co/KkqwXJcbkY",None,None,None,None,None,1,0,twty,"Pasadena, CA","{'hashtags': [], 'symbols': [], 'user_mentions': [], 'urls': [{'url': 'https://t.co/KkqwXJcbkY', 'expanded_url': 'http://earthquake.usgs.gov/earthquakes/eventpage/ci39640528#executive', 'display_url': 'earthquake.usgs.gov/earthquakes/ev…', 'indices': [98, 121]}]}",3673,FALSE,3,FALSE,Caltech Quake Bot,FALSE,FALSE,ro,"Results preliminary and subject to change upon review. Visit our website for more info. ""AutoEQ"" = Automated post. All others are manual posts by the SCSN.",FALSE,CaltechQuake,7177,FALSE,FALSE
19,1.31144E+18,9/30/2020 23:02,"AutoEQ Ml3.0 2020-09-30 23:00 UTC [2020-09-30 16:00 PDT] 2 mi ENE of Westmorland, CA depth 09 km https://t.co/7IBQFhi0Mo",None,None,None,None,None,1,0,twty,"Pasadena, CA","{'hashtags': [], 'symbols': [], 'user_mentions': [], 'urls': [{'url': 'https://t.co/7IBQFhi0Mo', 'expanded_url': 'http://earthquake.usgs.gov/earthquakes/eventpage/ci39640480#executive', 'display_url': 'earthquake.usgs.gov/earthquakes/ev…', 'indices': [97, 120]}]}",3673,FALSE,3,FALSE,Caltech Quake Bot,FALSE,FALSE,en,"Results preliminary and subject to change upon review. Visit our website for more info. ""AutoEQ"" = Automated post. All others are manual posts by the SCSN.",FALSE,CaltechQuake,7177,FALSE,FALSE
20,1.31042E+18,9/28/2020 3:41,"AutoEQ Ml2.9 2020-09-28 03:39 UTC [2020-09-27 20:39 PDT] 6 mi SSW of Primo Tapia, B.C., MX depth 10 km https://t.co/src0I4nMjc",None,None,None,None,None,0,0,twty,"Pasadena, CA","{'hashtags': [], 'symbols': [], 'user_mentions': [], 'urls': [{'url': 'https://t.co/src0I4nMjc', 'expanded_url': 'http://earthquake.usgs.gov/earthquakes/eventpage/ci38705706#executive', 'display_url': 'earthquake.usgs.gov/earthquakes/ev…', 'indices': [103, 126]}]}",3673,FALSE,3,FALSE,Caltech Quake Bot,FALSE,FALSE,es,"Results preliminary and subject to change upon review. Visit our website for more info. ""AutoEQ"" = Automated post. All others are manual posts by the SCSN.",FALSE,CaltechQuake,7177,FALSE,FALSE
21,1.30955E+18,9/25/2020 17:51,"M3.7 10km E of #DesertHotSprings, CA, #SouthernCalifornia #Earthquake confirmed valid. Updated analysis coming @ https://t.co/JbXZh5iDUr",None,None,None,None,None,3,3,WP Dashboard Twitter,"Pasadena, CA","{'hashtags': [{'text': 'DesertHotSprings', 'indices': [15, 32]}, {'text': 'SouthernCalifornia', 'indices': [38, 57]}, {'text': 'Earthquake', 'indices': [58, 69]}], 'symbols': [], 'user_mentions': [], 'urls': [{'url': 'https://t.co/JbXZh5iDUr', 'expanded_url': 'http://www.scsn.org/index.php/earthquakes/latest-earthquake-information/index.html', 'display_url': 'scsn.org/index.php/eart…', 'indices': [113, 136]}]}",3673,FALSE,3,FALSE,Caltech Quake Bot,FALSE,FALSE,en,"Results preliminary and subject to change upon review. Visit our website for more info. ""AutoEQ"" = Automated post. All others are manual posts by the SCSN.",FALSE,CaltechQuake,7177,FALSE,FALSE
22,1.30954E+18,9/25/2020 17:12,"AutoEQ Mlr3.6 2020-09-25 17:10 UTC [2020-09-25 10:10 PDT] 6 mi E of Desert Hot Springs, CA depth 03 km https://t.co/stEl8LkZDz",None,None,None,None,None,5,4,twty,"Pasadena, CA","{'hashtags': [], 'symbols': [], 'user_mentions': [], 'urls': [{'url': 'https://t.co/stEl8LkZDz', 'expanded_url': 'http://earthquake.usgs.gov/earthquakes/eventpage/ci38703802#executive', 'display_url': 'earthquake.usgs.gov/earthquakes/ev…', 'indices': [103, 126]}]}",3673,FALSE,3,FALSE,Caltech Quake Bot,FALSE,FALSE,en,"Results preliminary and subject to change upon review. Visit our website for more info. ""AutoEQ"" = Automated post. All others are manual posts by the SCSN.",FALSE,CaltechQuake,7177,FALSE,FALSE
23,1.30954E+18,9/25/2020 17:09,"AutoEQ Ml3.0 2020-09-25 17:07 UTC [2020-09-25 10:07 PDT] 6 mi E of Desert Hot Springs, CA depth 03 km https://t.co/dIokXI4VOB",None,None,None,None,None,1,1,twty,"Pasadena, CA","{'hashtags': [], 'symbols': [], 'user_mentions': [], 'urls': [{'url': 'https://t.co/dIokXI4VOB', 'expanded_url': 'http://earthquake.usgs.gov/earthquakes/eventpage/ci38703786#executive', 'display_url': 'earthquake.usgs.gov/earthquakes/ev…', 'indices': [102, 125]}]}",3673,FALSE,3,FALSE,Caltech Quake Bot,FALSE,FALSE,en,"Results preliminary and subject to change upon review. Visit our website for more info. ""AutoEQ"" = Automated post. All others are manual posts by the SCSN.",FALSE,CaltechQuake,7177,FALSE,FALSE
24,1.30877E+18,9/23/2020 14:19,"AutoEQ Ml3.2 2020-09-23 14:17 UTC [2020-09-23 07:17 PDT] 9 mi SSW of Searles Valley, CA depth 07 km https://t.co/gpo7Zzm7IR",None,None,None,None,None,0,3,twty,"Pasadena, CA","{'hashtags': [], 'symbols': [], 'user_mentions': [], 'urls': [{'url': 'https://t.co/gpo7Zzm7IR', 'expanded_url': 'http://earthquake.usgs.gov/earthquakes/eventpage/ci38701098#executive', 'display_url': 'earthquake.usgs.gov/earthquakes/ev…', 'indices': [100, 123]}]}",3673,FALSE,3,FALSE,Caltech Quake Bot,FALSE,FALSE,en,"Results preliminary and subject to change upon review. Visit our website for more info. ""AutoEQ"" = Automated post. All others are manual posts by the SCSN.",FALSE,CaltechQuake,7177,FALSE,FALSE
25,1.30874E+18,9/23/2020 12:26,"AutoEQ Ml3.2 2020-09-23 12:24 UTC [2020-09-23 05:24 PDT] 7 mi NW of Rancho Cucamonga, CA depth 02 km https://t.co/dWcePqTmya",None,None,None,None,None,1,0,twty,"Pasadena, CA","{'hashtags': [], 'symbols': [], 'user_mentions': [], 'urls': [{'url': 'https://t.co/dWcePqTmya', 'expanded_url': 'http://earthquake.usgs.gov/earthquakes/eventpage/ci38700978#executive', 'display_url': 'earthquake.usgs.gov/earthquakes/ev…', 'indices': [101, 124]}]}",3673,FALSE,3,FALSE,Caltech Quake Bot,FALSE,FALSE,es,"Results preliminary and subject to change upon review. Visit our website for more info. ""AutoEQ"" = Automated post. All others are manual posts by the SCSN.",FALSE,CaltechQuake,7177,FALSE,FALSE
26,1.30803E+18,9/21/2020 13:22,"AutoEQ Ml3.4 2020-09-21 13:20 UTC [2020-09-21 06:20 PDT] 6 mi WNW of Lake Elsinore, CA depth 09 km https://t.co/ZTavW04vkz",None,None,None,None,None,2,2,twty,"Pasadena, CA","{'hashtags': [], 'symbols': [], 'user_mentions': [], 'urls': [{'url': 'https://t.co/ZTavW04vkz', 'expanded_url': 'http://earthquake.usgs.gov/earthquakes/eventpage/ci38697738#executive', 'display_url': 'earthquake.usgs.gov/earthquakes/ev…', 'indices': [99, 122]}]}",3673,FALSE,3,FALSE,Caltech Quake Bot,FALSE,FALSE,en,"Results preliminary and subject to change upon review. Visit our website for more info. ""AutoEQ"" = Automated post. All others are manual posts by the SCSN.",FALSE,CaltechQuake,7177,FALSE,FALSE
27,1.30751E+18,9/20/2020 2:53,"AutoEQ Ml2.8 2020-09-20 02:51 UTC [2020-09-19 19:51 PDT] 12 mi SSW of Ludlow, CA depth 02 km https://t.co/NsIaFGCgye",None,None,None,None,None,1,1,twty,"Pasadena, CA","{'hashtags': [], 'symbols': [], 'user_mentions': [], 'urls': [{'url': 'https://t.co/NsIaFGCgye', 'expanded_url': 'http://earthquake.usgs.gov/earthquakes/eventpage/ci38696362#executive', 'display_url': 'earthquake.usgs.gov/earthquakes/ev…', 'indices': [93, 116]}]}",3673,FALSE,3,FALSE,Caltech Quake Bot,FALSE,FALSE,pl,"Results preliminary and subject to change upon review. Visit our website for more info. ""AutoEQ"" = Automated post. All others are manual posts by the SCSN.",FALSE,CaltechQuake,7177,FALSE,FALSE
28,1.30721E+18,9/19/2020 6:48,"M4.6 3km WSW of #SouthElMonte, CA, #SouthernCalifornia #Earthquake confirmed valid. Updated analysis coming soon @ https://t.co/JbXZh5iDUr",None,None,None,None,None,44,24,Twitter Web App,"Pasadena, CA","{'hashtags': [{'text': 'SouthElMonte', 'indices': [16, 29]}, {'text': 'SouthernCalifornia', 'indices': [35, 54]}, {'text': 'Earthquake', 'indices': [55, 66]}], 'symbols': [], 'user_mentions': [], 'urls': [{'url': 'https://t.co/JbXZh5iDUr', 'expanded_url': 'http://www.scsn.org/index.php/earthquakes/latest-earthquake-information/index.html', 'display_url': 'scsn.org/index.php/eart…', 'indices': [115, 138]}]}",3673,FALSE,3,FALSE,Caltech Quake Bot,FALSE,FALSE,en,"Results preliminary and subject to change upon review. Visit our website for more info. ""AutoEQ"" = Automated post. All others are manual posts by the SCSN.",FALSE,CaltechQuake,7177,FALSE,FALSE
29,1.30721E+18,9/19/2020 6:41,"AutoEQ Ml3.3 2020-09-19 06:39 UTC [2020-09-18 23:39 PDT] 5 mi N of Julian, CA depth -1 km https://t.co/6dKy9XWQ1d",None,None,None,None,None,10,0,twty,"Pasadena, CA","{'hashtags': [], 'symbols': [], 'user_mentions': [], 'urls': [{'url': 'https://t.co/6dKy9XWQ1d', 'expanded_url': 'http://earthquake.usgs.gov/earthquakes/eventpage/ci38695666#executive', 'display_url': 'earthquake.usgs.gov/earthquakes/ev…', 'indices': [90, 113]}]}",3673,FALSE,3,FALSE,Caltech Quake Bot,FALSE,FALSE,in,"Results preliminary and subject to change upon review. Visit our website for more info. ""AutoEQ"" = Automated post. All others are manual posts by the SCSN.",FALSE,CaltechQuake,7177,FALSE,FALSE
30,1.30721E+18,9/19/2020 6:40,"AutoEQ Mlr4.6 2020-09-19 06:38 UTC [2020-09-18 23:38 PDT] 2 mi WSW of South El Monte, CA depth 18 km https://t.co/SYxqNtiO7V",None,None,None,None,None,57,36,twty,"Pasadena, CA","{'hashtags': [], 'symbols': [], 'user_mentions': [], 'urls': [{'url': 'https://t.co/SYxqNtiO7V', 'expanded_url': 'http://earthquake.usgs.gov/earthquakes/eventpage/ci38695658#executive', 'display_url': 'earthquake.usgs.gov/earthquakes/ev…', 'indices': [101, 124]}]}",3673,FALSE,3,FALSE,Caltech Quake Bot,FALSE,FALSE,pl,"Results preliminary and subject to change upon review. Visit our website for more info. ""AutoEQ"" = Automated post. All others are manual posts by the SCSN.",FALSE,CaltechQuake,7177,FALSE,FALSE
31,1.30661E+18,9/17/2020 15:22,"AutoEQ Ml3.1 2020-09-17 15:20 UTC [2020-09-17 08:20 PDT] 11 mi N of Olancha, CA depth 02 km https://t.co/xRZ7ABP6N0",None,None,None,None,None,0,0,twty,"Pasadena, CA","{'hashtags': [], 'symbols': [], 'user_mentions': [], 'urls': [{'url': 'https://t.co/xRZ7ABP6N0', 'expanded_url': 'http://earthquake.usgs.gov/earthquakes/eventpage/ci38693130#executive', 'display_url': 'earthquake.usgs.gov/earthquakes/ev…', 'indices': [92, 115]}]}",3673,FALSE,3,FALSE,Caltech Quake Bot,FALSE,FALSE,fr,"Results preliminary and subject to change upon review. Visit our website for more info. ""AutoEQ"" = Automated post. All others are manual posts by the SCSN.",FALSE,CaltechQuake,7177,FALSE,FALSE
32,1.30589E+18,9/15/2020 15:11,"AutoEQ Ml3.1 2020-09-15 15:09 UTC [2020-09-15 08:09 PDT] 7 mi SW of Morongo Valley, CA depth 17 km https://t.co/k3RAIcRNY9",None,None,None,None,None,2,1,twty,"Pasadena, CA","{'hashtags': [], 'symbols': [], 'user_mentions': [], 'urls': [{'url': 'https://t.co/k3RAIcRNY9', 'expanded_url': 'http://earthquake.usgs.gov/earthquakes/eventpage/ci38689882#executive', 'display_url': 'earthquake.usgs.gov/earthquakes/ev…', 'indices': [99, 122]}]}",3673,FALSE,3,FALSE,Caltech Quake Bot,FALSE,FALSE,pl,"Results preliminary and subject to change upon review. Visit our website for more info. ""AutoEQ"" = Automated post. All others are manual posts by the SCSN.",FALSE,CaltechQuake,7177,FALSE,FALSE
33,1.30589E+18,9/15/2020 15:11,"AutoEQ Ml3.1 2020-09-15 15:09 UTC [2020-09-15 08:09 PDT] 7 mi SW of Morongo Valley, CA depth 17 km https://t.co/k3RAIcRNY9",None,None,None,None,None,2,1,twty,"Pasadena, CA","{'hashtags': [], 'symbols': [], 'user_mentions': [], 'urls': [{'url': 'https://t.co/k3RAIcRNY9', 'expanded_url': 'http://earthquake.usgs.gov/earthquakes/eventpage/ci38689882#executive', 'display_url': 'earthquake.usgs.gov/earthquakes/ev…', 'indices': [99, 122]}]}",3673,FALSE,3,FALSE,Caltech Quake Bot,FALSE,FALSE,pl,"Results preliminary and subject to change upon review. Visit our website for more info. ""AutoEQ"" = Automated post. All others are manual posts by the SCSN.",FALSE,CaltechQuake,7177,FALSE,FALSE
34,1.30582E+18,9/15/2020 10:52,"AutoEQ Ml3.0 2020-09-15 10:50 UTC [2020-09-15 03:50 PDT] 25 mi W of El Sauzal, B.C., MX depth 15 km https://t.co/SXLu1snT4K",None,None,None,None,None,0,1,twty,"Pasadena, CA","{'hashtags': [], 'symbols': [], 'user_mentions': [], 'urls': [{'url': 'https://t.co/SXLu1snT4K', 'expanded_url': 'http://earthquake.usgs.gov/earthquakes/eventpage/ci38689570#executive', 'display_url': 'earthquake.usgs.gov/earthquakes/ev…', 'indices': [100, 123]}]}",3673,FALSE,3,FALSE,Caltech Quake Bot,FALSE,FALSE,pl,"Results preliminary and subject to change upon review. Visit our website for more info. ""AutoEQ"" = Automated post. All others are manual posts by the SCSN.",FALSE,CaltechQuake,7177,FALSE,FALSE
35,1.30433E+18,9/11/2020 8:16,"AutoEQ Mlr3.5 2020-09-11 08:14 UTC [2020-09-11 01:14 PDT] 11 mi N of Olancha, CA depth 02 km https://t.co/qQ6BXp0nKT",None,None,None,None,None,0,0,twty,"Pasadena, CA","{'hashtags': [], 'symbols': [], 'user_mentions': [], 'urls': [{'url': 'https://t.co/qQ6BXp0nKT', 'expanded_url': 'http://earthquake.usgs.gov/earthquakes/eventpage/ci38683938#executive', 'display_url': 'earthquake.usgs.gov/earthquakes/ev…', 'indices': [93, 116]}]}",3673,FALSE,3,FALSE,Caltech Quake Bot,FALSE,FALSE,fr,"Results preliminary and subject to change upon review. Visit our website for more info. ""AutoEQ"" = Automated post. All others are manual posts by the SCSN.",FALSE,CaltechQuake,7177,FALSE,FALSE
36,1.30433E+18,9/11/2020 8:13,"AutoEQ Ml3.4 2020-09-11 08:11 UTC [2020-09-11 01:11 PDT] 11 mi N of Olancha, CA depth 02 km https://t.co/m3cfWVS7Yy",None,None,None,None,None,1,0,twty,"Pasadena, CA","{'hashtags': [], 'symbols': [], 'user_mentions': [], 'urls': [{'url': 'https://t.co/m3cfWVS7Yy', 'expanded_url': 'http://earthquake.usgs.gov/earthquakes/eventpage/ci38683930#executive', 'display_url': 'earthquake.usgs.gov/earthquakes/ev…', 'indices': [92, 115]}]}",3673,FALSE,3,FALSE,Caltech Quake Bot,FALSE,FALSE,fr,"Results preliminary and subject to change upon review. Visit our website for more info. ""AutoEQ"" = Automated post. All others are manual posts by the SCSN.",FALSE,CaltechQuake,7177,FALSE,FALSE
37,1.30433E+18,9/11/2020 7:57,"AutoEQ Mlr4.0 2020-09-11 07:55 UTC [2020-09-11 00:55 PDT] 11 mi SSE of Lone Pine, CA depth 04 km https://t.co/dGpaTyeGkE",None,None,None,None,None,0,1,twty,"Pasadena, CA","{'hashtags': [], 'symbols': [], 'user_mentions': [], 'urls': [{'url': 'https://t.co/dGpaTyeGkE', 'expanded_url': 'http://earthquake.usgs.gov/earthquakes/eventpage/ci38683914#executive', 'display_url': 'earthquake.usgs.gov/earthquakes/ev…', 'indices': [97, 120]}]}",3673,FALSE,3,FALSE,Caltech Quake Bot,FALSE,FALSE,ro,"Results preliminary and subject to change upon review. Visit our website for more info. ""AutoEQ"" = Automated post. All others are manual posts by the SCSN.",FALSE,CaltechQuake,7177,FALSE,FALSE
38,1.30242E+18,9/6/2020 1:50,"AutoEQ Mlr3.8 2020-09-06 01:48 UTC [2020-09-05 18:48 PDT] 3 mi SSE of Santa Ynez, CA depth 11 km https://t.co/2gpfXsfSBc",None,None,None,None,None,1,1,twty,"Pasadena, CA","{'hashtags': [], 'symbols': [], 'user_mentions': [], 'urls': [{'url': 'https://t.co/2gpfXsfSBc', 'expanded_url': 'http://earthquake.usgs.gov/earthquakes/eventpage/ci38678266#executive', 'display_url': 'earthquake.usgs.gov/earthquakes/ev…', 'indices': [97, 120]}]}",3673,FALSE,3,FALSE,Caltech Quake Bot,FALSE,FALSE,pt,"Results preliminary and subject to change upon review. Visit our website for more info. ""AutoEQ"" = Automated post. All others are manual posts by the SCSN.",FALSE,CaltechQuake,7177,FALSE,FALSE
39,1.30208E+18,9/5/2020 3:17,"AutoEQ Ml3.1 2020-09-05 03:14 UTC [2020-09-04 20:14 PDT] 7 mi SSW of Searles Valley, CA depth 09 km https://t.co/gH6nEs2igK",None,None,None,None,None,1,1,twty,"Pasadena, CA","{'hashtags': [], 'symbols': [], 'user_mentions': [], 'urls': [{'url': 'https://t.co/gH6nEs2igK', 'expanded_url': 'http://earthquake.usgs.gov/earthquakes/eventpage/ci38676562#executive', 'display_url': 'earthquake.usgs.gov/earthquakes/ev…', 'indices': [100, 123]}]}",3673,FALSE,3,FALSE,Caltech Quake Bot,FALSE,FALSE,en,"Results preliminary and subject to change upon review. Visit our website for more info. ""AutoEQ"" = Automated post. All others are manual posts by the SCSN.",FALSE,CaltechQuake,7177,FALSE,FALSE
40,1.30189E+18,9/4/2020 14:26,"AutoEQ Ml3.3 2020-09-04 14:24 UTC [2020-09-04 07:24 PDT] 11 mi SSE of Big Bear Lake, CA depth 02 km https://t.co/W8cLl40zyH",None,None,None,None,None,3,2,twty,"Pasadena, CA","{'hashtags': [], 'symbols': [], 'user_mentions': [], 'urls': [{'url': 'https://t.co/W8cLl40zyH', 'expanded_url': 'http://earthquake.usgs.gov/earthquakes/eventpage/ci38675450#executive', 'display_url': 'earthquake.usgs.gov/earthquakes/ev…', 'indices': [100, 123]}]}",3673,FALSE,3,FALSE,Caltech Quake Bot,FALSE,FALSE,en,"Results preliminary and subject to change upon review. Visit our website for more info. ""AutoEQ"" = Automated post. All others are manual posts by the SCSN.",FALSE,CaltechQuake,7177,FALSE,FALSE
41,1.30185E+18,9/4/2020 11:41,"AutoEQ Ml3.0 2020-09-04 11:39 UTC [2020-09-04 04:39 PDT] 10 mi SE of Lone Pine, CA depth 07 km https://t.co/oGuL2J58wq",None,None,None,None,None,0,1,twty,"Pasadena, CA","{'hashtags': [], 'symbols': [], 'user_mentions': [], 'urls': [{'url': 'https://t.co/oGuL2J58wq', 'expanded_url': 'http://earthquake.usgs.gov/earthquakes/eventpage/ci38675290#executive', 'display_url': 'earthquake.usgs.gov/earthquakes/ev…', 'indices': [95, 118]}]}",3673,FALSE,3,FALSE,Caltech Quake Bot,FALSE,FALSE,en,"Results preliminary and subject to change upon review. Visit our website for more info. ""AutoEQ"" = Automated post. All others are manual posts by the SCSN.",FALSE,CaltechQuake,7177,FALSE,FALSE
42,1.30172E+18,9/4/2020 3:00,"AutoEQ Ml2.8 2020-09-04 02:58 UTC [2020-09-03 19:58 PDT] 47 mi E of Maneadero, B.C., MX depth -1 km https://t.co/xKFIEgdFLP",None,None,None,None,None,0,1,twty,"Pasadena, CA","{'hashtags': [], 'symbols': [], 'user_mentions': [], 'urls': [{'url': 'https://t.co/xKFIEgdFLP', 'expanded_url': 'http://earthquake.usgs.gov/earthquakes/eventpage/ci38674722#executive', 'display_url': 'earthquake.usgs.gov/earthquakes/ev…', 'indices': [100, 123]}]}",3673,FALSE,3,FALSE,Caltech Quake Bot,FALSE,FALSE,pl,"Results preliminary and subject to change upon review. Visit our website for more info. ""AutoEQ"" = Automated post. All others are manual posts by the SCSN.",FALSE,CaltechQuake,7177,FALSE,FALSE
43,1.30119E+18,9/2/2020 16:20,"AutoEQ Ml3.6 2020-09-02 16:18 UTC [2020-09-02 09:18 PDT] 10 mi E of Coso Junction, CA depth 02 km https://t.co/Dk9L4ERJ9o",None,None,None,None,None,0,1,twty,"Pasadena, CA","{'hashtags': [], 'symbols': [], 'user_mentions': [], 'urls': [{'url': 'https://t.co/Dk9L4ERJ9o', 'expanded_url': 'http://earthquake.usgs.gov/earthquakes/eventpage/ci39368535#executive', 'display_url': 'earthquake.usgs.gov/earthquakes/ev…', 'indices': [98, 121]}]}",3673,FALSE,3,FALSE,Caltech Quake Bot,FALSE,FALSE,en,"Results preliminary and subject to change upon review. Visit our website for more info. ""AutoEQ"" = Automated post. All others are manual posts by the SCSN.",FALSE,CaltechQuake,7177,FALSE,FALSE
44,1.30056E+18,8/31/2020 22:22,"AutoEQ Ml2.8 2020-08-31 22:20 UTC [2020-08-31 15:20 PDT] 8 mi N of Warner Springs, CA depth 12 km https://t.co/dH6DIH9Job",None,None,None,None,None,2,1,twty,"Pasadena, CA","{'hashtags': [], 'symbols': [], 'user_mentions': [], 'urls': [{'url': 'https://t.co/dH6DIH9Job', 'expanded_url': 'http://earthquake.usgs.gov/earthquakes/eventpage/ci39366623#executive', 'display_url': 'earthquake.usgs.gov/earthquakes/ev…', 'indices': [98, 121]}]}",3673,FALSE,3,FALSE,Caltech Quake Bot,FALSE,FALSE,en,"Results preliminary and subject to change upon review. Visit our website for more info. ""AutoEQ"" = Automated post. All others are manual posts by the SCSN.",FALSE,CaltechQuake,7177,FALSE,FALSE
45,1.30016E+18,8/30/2020 19:45,"AutoEQ Ml2.9 2020-08-30 19:43 UTC [2020-08-30 12:43 PDT] 3 mi NNW of Glen Avon, CA depth 06 km https://t.co/xbaCkz3K1A",None,None,None,None,None,0,1,twty,"Pasadena, CA","{'hashtags': [], 'symbols': [], 'user_mentions': [], 'urls': [{'url': 'https://t.co/xbaCkz3K1A', 'expanded_url': 'http://earthquake.usgs.gov/earthquakes/eventpage/ci39365527#executive', 'display_url': 'earthquake.usgs.gov/earthquakes/ev…', 'indices': [95, 118]}]}",3673,FALSE,3,FALSE,Caltech Quake Bot,FALSE,FALSE,de,"Results preliminary and subject to change upon review. Visit our website for more info. ""AutoEQ"" = Automated post. All others are manual posts by the SCSN.",FALSE,CaltechQuake,7177,FALSE,FALSE
46,1.30015E+18,8/30/2020 19:16,"AutoEQ Ml2.8 2020-08-30 19:14 UTC [2020-08-30 12:14 PDT] 8 mi WNW of Calipatria, CA depth 04 km https://t.co/If6YlSsXHl",None,None,None,None,None,0,1,twty,"Pasadena, CA","{'hashtags': [], 'symbols': [], 'user_mentions': [], 'urls': [{'url': 'https://t.co/If6YlSsXHl', 'expanded_url': 'http://earthquake.usgs.gov/earthquakes/eventpage/ci39365455#executive', 'display_url': 'earthquake.usgs.gov/earthquakes/ev…', 'indices': [96, 119]}]}",3673,FALSE,3,FALSE,Caltech Quake Bot,FALSE,FALSE,en,"Results preliminary and subject to change upon review. Visit our website for more info. ""AutoEQ"" = Automated post. All others are manual posts by the SCSN.",FALSE,CaltechQuake,7177,FALSE,FALSE
47,1.29962E+18,8/29/2020 8:08,"AutoEQ Ml3.0 2020-08-29 08:06 UTC [2020-08-29 01:06 PDT] 10 mi E of Coso Junction, CA depth 01 km https://t.co/BsV47bVxqd",None,None,None,None,None,1,0,twty,"Pasadena, CA","{'hashtags': [], 'symbols': [], 'user_mentions': [], 'urls': [{'url': 'https://t.co/BsV47bVxqd', 'expanded_url': 'http://earthquake.usgs.gov/earthquakes/eventpage/ci39364319#executive', 'display_url': 'earthquake.usgs.gov/earthquakes/ev…', 'indices': [98, 121]}]}",3673,FALSE,3,FALSE,Caltech Quake Bot,FALSE,FALSE,en,"Results preliminary and subject to change upon review. Visit our website for more info. ""AutoEQ"" = Automated post. All others are manual posts by the SCSN.",FALSE,CaltechQuake,7177,FALSE,FALSE
48,1.29931E+18,8/28/2020 11:28,"AutoEQ Mlr3.6 2020-08-28 11:26 UTC [2020-08-28 04:26 PDT] 6 mi W of Progreso, B.C., MX depth 12 km https://t.co/zsqRgmfq0n",None,None,None,None,None,0,0,twty,"Pasadena, CA","{'hashtags': [], 'symbols': [], 'user_mentions': [], 'urls': [{'url': 'https://t.co/zsqRgmfq0n', 'expanded_url': 'http://earthquake.usgs.gov/earthquakes/eventpage/ci39363095#executive', 'display_url': 'earthquake.usgs.gov/earthquakes/ev…', 'indices': [99, 122]}]}",3673,FALSE,3,FALSE,Caltech Quake Bot,FALSE,FALSE,pl,"Results preliminary and subject to change upon review. Visit our website for more info. ""AutoEQ"" = Automated post. All others are manual posts by the SCSN.",FALSE,CaltechQuake,7177,FALSE,FALSE
49,1.299E+18,8/27/2020 15:06,"AutoEQ Ml2.8 2020-08-27 15:04 UTC [2020-08-27 08:04 PDT] 14 mi WNW of Searles Valley, CA depth 00 km https://t.co/NCOf1js09W",None,None,None,None,None,1,0,twty,"Pasadena, CA","{'hashtags': [], 'symbols': [], 'user_mentions': [], 'urls': [{'url': 'https://t.co/NCOf1js09W', 'expanded_url': 'http://earthquake.usgs.gov/earthquakes/eventpage/ci39362087#executive', 'display_url': 'earthquake.usgs.gov/earthquakes/ev…', 'indices': [101, 124]}]}",3673,FALSE,3,FALSE,Caltech Quake Bot,FALSE,FALSE,en,"Results preliminary and subject to change upon review. Visit our website for more info. ""AutoEQ"" = Automated post. All others are manual posts by the SCSN.",FALSE,CaltechQuake,7177,FALSE,FALSE
50,1.29866E+18,8/26/2020 16:44,"AutoEQ Ml3.1 2020-08-26 16:42 UTC [2020-08-26 09:42 PDT] 46 mi E of Maneadero, B.C., MX depth -1 km https://t.co/3oJYztpva8",None,None,None,None,None,0,1,twty,"Pasadena, CA","{'hashtags': [], 'symbols': [], 'user_mentions': [], 'urls': [{'url': 'https://t.co/3oJYztpva8', 'expanded_url': 'http://earthquake.usgs.gov/earthquakes/eventpage/ci39360639#executive', 'display_url': 'earthquake.usgs.gov/earthquakes/ev…', 'indices': [100, 123]}]}",3673,FALSE,3,FALSE,Caltech Quake Bot,FALSE,FALSE,pl,"Results preliminary and subject to change upon review. Visit our website for more info. ""AutoEQ"" = Automated post. All others are manual posts by the SCSN.",FALSE,CaltechQuake,7177,FALSE,FALSE
51,1.29767E+18,8/23/2020 23:07,"AutoEQ Ml3.4 2020-08-23 23:05 UTC [2020-08-23 16:05 PDT] 44 mi E of Maneadero, B.C., MX depth 00 km https://t.co/2fuRzV960i",None,None,None,None,None,0,1,twty,"Pasadena, CA","{'hashtags': [], 'symbols': [], 'user_mentions': [], 'urls': [{'url': 'https://t.co/2fuRzV960i', 'expanded_url': 'http://earthquake.usgs.gov/earthquakes/eventpage/ci39357479#executive', 'display_url': 'earthquake.usgs.gov/earthquakes/ev…', 'indices': [100, 123]}]}",3673,FALSE,3,FALSE,Caltech Quake Bot,FALSE,FALSE,pl,"Results preliminary and subject to change upon review. Visit our website for more info. ""AutoEQ"" = Automated post. All others are manual posts by the SCSN.",FALSE,CaltechQuake,7177,FALSE,FALSE
52,1.29727E+18,8/22/2020 20:39,"AutoEQ Ml3.3 2020-08-22 20:37 UTC [2020-08-22 13:37 PDT] 45 mi E of Maneadero, B.C., MX depth 00 km https://t.co/Jky3S63HWm",None,None,None,None,None,1,2,twty,"Pasadena, CA","{'hashtags': [], 'symbols': [], 'user_mentions': [], 'urls': [{'url': 'https://t.co/Jky3S63HWm', 'expanded_url': 'http://earthquake.usgs.gov/earthquakes/eventpage/ci39356431#executive', 'display_url': 'earthquake.usgs.gov/earthquakes/ev…', 'indices': [100, 123]}]}",3673,FALSE,3,FALSE,Caltech Quake Bot,FALSE,FALSE,pl,"Results preliminary and subject to change upon review. Visit our website for more info. ""AutoEQ"" = Automated post. All others are manual posts by the SCSN.",FALSE,CaltechQuake,7177,FALSE,FALSE
53,1.29727E+18,8/22/2020 20:39,"AutoEQ Ml3.3 2020-08-22 20:37 UTC [2020-08-22 13:37 PDT] 45 mi E of Maneadero, B.C., MX depth 00 km https://t.co/Jky3S63HWm",None,None,None,None,None,1,2,twty,"Pasadena, CA","{'hashtags': [], 'symbols': [], 'user_mentions': [], 'urls': [{'url': 'https://t.co/Jky3S63HWm', 'expanded_url': 'http://earthquake.usgs.gov/earthquakes/eventpage/ci39356431#executive', 'display_url': 'earthquake.usgs.gov/earthquakes/ev…', 'indices': [100, 123]}]}",3673,FALSE,3,FALSE,Caltech Quake Bot,FALSE,FALSE,pl,"Results preliminary and subject to change upon review. Visit our website for more info. ""AutoEQ"" = Automated post. All others are manual posts by the SCSN.",FALSE,CaltechQuake,7177,FALSE,FALSE
54,1.29718E+18,8/22/2020 14:32,"AutoEQ Ml2.9 2020-08-22 14:30 UTC [2020-08-22 07:30 PDT] 12 mi ESE of Little Lake, CA depth 09 km https://t.co/nOpX0pqhNx",None,None,None,None,None,0,0,twty,"Pasadena, CA","{'hashtags': [], 'symbols': [], 'user_mentions': [], 'urls': [{'url': 'https://t.co/nOpX0pqhNx', 'expanded_url': 'http://earthquake.usgs.gov/earthquakes/eventpage/ci39355943#executive', 'display_url': 'earthquake.usgs.gov/earthquakes/ev…', 'indices': [98, 121]}]}",3673,FALSE,3,FALSE,Caltech Quake Bot,FALSE,FALSE,en,"Results preliminary and subject to change upon review. Visit our website for more info. ""AutoEQ"" = Automated post. All others are manual posts by the SCSN.",FALSE,CaltechQuake,7177,FALSE,FALSE
55,1.29672E+18,8/21/2020 8:22,"AutoEQ Mlr3.7 2020-08-21 08:20 UTC [2020-08-21 01:20 PDT] 9 mi SSW of Searles Valley, CA depth 05 km https://t.co/cVE3pHCJew",None,None,None,None,None,0,1,twty,"Pasadena, CA","{'hashtags': [], 'symbols': [], 'user_mentions': [], 'urls': [{'url': 'https://t.co/cVE3pHCJew', 'expanded_url': 'http://earthquake.usgs.gov/earthquakes/eventpage/ci39587168#executive', 'display_url': 'earthquake.usgs.gov/earthquakes/ev…', 'indices': [101, 124]}]}",3673,FALSE,3,FALSE,Caltech Quake Bot,FALSE,FALSE,en,"Results preliminary and subject to change upon review. Visit our website for more info. ""AutoEQ"" = Automated post. All others are manual posts by the SCSN.",FALSE,CaltechQuake,7177,FALSE,FALSE
56,1.29658E+18,8/20/2020 22:58,"AutoEQ Ml2.9 2020-08-20 22:56 UTC [2020-08-20 15:56 PDT] 6 mi NNW of Santa Paula, CA depth 07 km https://t.co/y5R8ruto4j",None,None,None,None,None,0,1,twty,"Pasadena, CA","{'hashtags': [], 'symbols': [], 'user_mentions': [], 'urls': [{'url': 'https://t.co/y5R8ruto4j', 'expanded_url': 'http://earthquake.usgs.gov/earthquakes/eventpage/ci39586640#executive', 'display_url': 'earthquake.usgs.gov/earthquakes/ev…', 'indices': [97, 120]}]}",3673,FALSE,3,FALSE,Caltech Quake Bot,FALSE,FALSE,pt,"Results preliminary and subject to change upon review. Visit our website for more info. ""AutoEQ"" = Automated post. All others are manual posts by the SCSN.",FALSE,CaltechQuake,7177,FALSE,FALSE
57,1.29625E+18,8/20/2020 0:50,"AutoEQ Ml3.1 2020-08-20 00:48 UTC [2020-08-19 17:48 PDT] 57 mi ESE of Maneadero, B.C., MX depth 02 km https://t.co/GNGKlaelVB",None,None,None,None,None,0,0,twty,"Pasadena, CA","{'hashtags': [], 'symbols': [], 'user_mentions': [], 'urls': [{'url': 'https://t.co/GNGKlaelVB', 'expanded_url': 'http://earthquake.usgs.gov/earthquakes/eventpage/ci39585256#executive', 'display_url': 'earthquake.usgs.gov/earthquakes/ev…', 'indices': [102, 125]}]}",3673,FALSE,3,FALSE,Caltech Quake Bot,FALSE,FALSE,es,"Results preliminary and subject to change upon review. Visit our website for more info. ""AutoEQ"" = Automated post. All others are manual posts by the SCSN.",FALSE,CaltechQuake,7177,FALSE,FALSE
58,1.29623E+18,8/19/2020 23:24,"AutoEQ Ml2.9 2020-08-19 23:22 UTC [2020-08-19 16:22 PDT] 22 mi WSW of Stovepipe Wells, CA depth -2 km https://t.co/ikQXl6nJNI",None,None,None,None,None,1,0,twty,"Pasadena, CA","{'hashtags': [], 'symbols': [], 'user_mentions': [], 'urls': [{'url': 'https://t.co/ikQXl6nJNI', 'expanded_url': 'http://earthquake.usgs.gov/earthquakes/eventpage/ci39585200#executive', 'display_url': 'earthquake.usgs.gov/earthquakes/ev…', 'indices': [102, 125]}]}",3673,FALSE,3,FALSE,Caltech Quake Bot,FALSE,FALSE,pl,"Results preliminary and subject to change upon review. Visit our website for more info. ""AutoEQ"" = Automated post. All others are manual posts by the SCSN.",FALSE,CaltechQuake,7177,FALSE,FALSE
59,1.29614E+18,8/19/2020 17:52,"AutoEQ Ml3.0 2020-08-19 17:50 UTC [2020-08-19 10:50 PDT] 2 mi ENE of Fontana, CA depth 14 km https://t.co/U6tkaSo76a",None,None,None,None,None,2,1,twty,"Pasadena, CA","{'hashtags': [], 'symbols': [], 'user_mentions': [], 'urls': [{'url': 'https://t.co/U6tkaSo76a', 'expanded_url': 'http://earthquake.usgs.gov/earthquakes/eventpage/ci39584688#executive', 'display_url': 'earthquake.usgs.gov/earthquakes/ev…', 'indices': [93, 116]}]}",3673,FALSE,3,FALSE,Caltech Quake Bot,FALSE,FALSE,pl,"Results preliminary and subject to change upon review. Visit our website for more info. ""AutoEQ"" = Automated post. All others are manual posts by the SCSN.",FALSE,CaltechQuake,7177,FALSE,FALSE
60,1.29614E+18,8/19/2020 17:46,"M4.8 35km WSW #StovepipeWells, CA #SouthernCalifornia #Earthquake confirmed valid. Updated analysis coming soon @ https://t.co/JbXZh5iDUr",None,None,None,None,None,1,2,WP Dashboard Twitter,"Pasadena, CA","{'hashtags': [{'text': 'StovepipeWells', 'indices': [14, 29]}, {'text': 'SouthernCalifornia', 'indices': [34, 53]}, {'text': 'Earthquake', 'indices': [54, 65]}], 'symbols': [], 'user_mentions': [], 'urls': [{'url': 'https://t.co/JbXZh5iDUr', 'expanded_url': 'http://www.scsn.org/index.php/earthquakes/latest-earthquake-information/index.html', 'display_url': 'scsn.org/index.php/eart…', 'indices': [114, 137]}]}",3673,FALSE,3,FALSE,Caltech Quake Bot,FALSE,FALSE,en,"Results preliminary and subject to change upon review. Visit our website for more info. ""AutoEQ"" = Automated post. All others are manual posts by the SCSN.",FALSE,CaltechQuake,7177,FALSE,FALSE
61,1.29614E+18,8/19/2020 17:34,"AutoEQ Mlr4.4 2020-08-19 17:32 UTC [2020-08-19 10:32 PDT] 22 mi WSW of Stovepipe Wells, CA depth 01 km https://t.co/kcoDeGUL5t",None,None,None,None,None,3,1,twty,"Pasadena, CA","{'hashtags': [], 'symbols': [], 'user_mentions': [], 'urls': [{'url': 'https://t.co/kcoDeGUL5t', 'expanded_url': 'http://earthquake.usgs.gov/earthquakes/eventpage/ci39584648#executive', 'display_url': 'earthquake.usgs.gov/earthquakes/ev…', 'indices': [103, 126]}]}",3673,FALSE,3,FALSE,Caltech Quake Bot,FALSE,FALSE,pl,"Results preliminary and subject to change upon review. Visit our website for more info. ""AutoEQ"" = Automated post. All others are manual posts by the SCSN.",FALSE,CaltechQuake,7177,FALSE,FALSE
62,1.29541E+18,8/17/2020 17:07,"AutoEQ Ml2.9 2020-08-17 17:05 UTC [2020-08-17 10:05 PDT] 44 mi E of Maneadero, B.C., MX depth 10 km https://t.co/8f8cKGynvw",None,None,None,None,None,0,0,twty,"Pasadena, CA","{'hashtags': [], 'symbols': [], 'user_mentions': [], 'urls': [{'url': 'https://t.co/8f8cKGynvw', 'expanded_url': 'http://earthquake.usgs.gov/earthquakes/eventpage/ci39347895#executive', 'display_url': 'earthquake.usgs.gov/earthquakes/ev…', 'indices': [100, 123]}]}",3673,FALSE,3,FALSE,Caltech Quake Bot,FALSE,FALSE,pl,"Results preliminary and subject to change upon review. Visit our website for more info. ""AutoEQ"" = Automated post. All others are manual posts by the SCSN.",FALSE,CaltechQuake,7177,FALSE,FALSE
63,1.2954E+18,8/17/2020 16:40,"AutoEQ Ml2.8 2020-08-17 16:38 UTC [2020-08-17 09:38 PDT] 46 mi E of Maneadero, B.C., MX depth 06 km https://t.co/OMqWJRUmK0",None,None,None,None,None,0,0,twty,"Pasadena, CA","{'hashtags': [], 'symbols': [], 'user_mentions': [], 'urls': [{'url': 'https://t.co/OMqWJRUmK0', 'expanded_url': 'http://earthquake.usgs.gov/earthquakes/eventpage/ci39347855#executive', 'display_url': 'earthquake.usgs.gov/earthquakes/ev…', 'indices': [100, 123]}]}",3673,FALSE,3,FALSE,Caltech Quake Bot,FALSE,FALSE,pl,"Results preliminary and subject to change upon review. Visit our website for more info. ""AutoEQ"" = Automated post. All others are manual posts by the SCSN.",FALSE,CaltechQuake,7177,FALSE,FALSE
64,1.2954E+18,8/17/2020 16:37,"AutoEQ Ml3.4 2020-08-17 16:35 UTC [2020-08-17 09:35 PDT] 53 mi ESE of Maneadero, B.C., MX depth -1 km https://t.co/ijwJgvsCDx",None,None,None,None,None,0,0,twty,"Pasadena, CA","{'hashtags': [], 'symbols': [], 'user_mentions': [], 'urls': [{'url': 'https://t.co/ijwJgvsCDx', 'expanded_url': 'http://earthquake.usgs.gov/earthquakes/eventpage/ci39347847#executive', 'display_url': 'earthquake.usgs.gov/earthquakes/ev…', 'indices': [102, 125]}]}",3673,FALSE,3,FALSE,Caltech Quake Bot,FALSE,FALSE,es,"Results preliminary and subject to change upon review. Visit our website for more info. ""AutoEQ"" = Automated post. All others are manual posts by the SCSN.",FALSE,CaltechQuake,7177,FALSE,FALSE
65,1.2954E+18,8/17/2020 16:32,"AutoEQ Mlr3.8 2020-08-17 16:29 UTC [2020-08-17 09:29 PDT] 47 mi E of Maneadero, B.C., MX depth 00 km https://t.co/jmz8LqwcSK",None,None,None,None,None,1,0,twty,"Pasadena, CA","{'hashtags': [], 'symbols': [], 'user_mentions': [], 'urls': [{'url': 'https://t.co/jmz8LqwcSK', 'expanded_url': 'http://earthquake.usgs.gov/earthquakes/eventpage/ci39347839#executive', 'display_url': 'earthquake.usgs.gov/earthquakes/ev…', 'indices': [101, 124]}]}",3673,FALSE,3,FALSE,Caltech Quake Bot,FALSE,FALSE,pl,"Results preliminary and subject to change upon review. Visit our website for more info. ""AutoEQ"" = Automated post. All others are manual posts by the SCSN.",FALSE,CaltechQuake,7177,FALSE,FALSE
66,1.29538E+18,8/17/2020 15:32,"AutoEQ Mlr5.0 2020-08-17 15:30 UTC [2020-08-17 08:30 PDT] 54 mi ESE of Maneadero, B.C., MX depth 18 km https://t.co/lmHRDaOdsz",None,None,None,None,None,2,0,twty,"Pasadena, CA","{'hashtags': [], 'symbols': [], 'user_mentions': [], 'urls': [{'url': 'https://t.co/lmHRDaOdsz', 'expanded_url': 'http://earthquake.usgs.gov/earthquakes/eventpage/ci39347679#executive', 'display_url': 'earthquake.usgs.gov/earthquakes/ev…', 'indices': [103, 126]}]}",3673,FALSE,3,FALSE,Caltech Quake Bot,FALSE,FALSE,es,"Results preliminary and subject to change upon review. Visit our website for more info. ""AutoEQ"" = Automated post. All others are manual posts by the SCSN.",FALSE,CaltechQuake,7177,FALSE,FALSE
67,1.29504E+18,8/16/2020 17:02,"AutoEQ Ml2.8 2020-08-16 17:00 UTC [2020-08-16 10:00 PDT] 24 mi NE of Trona, CA depth 01 km https://t.co/9xiRVINxYE",None,None,None,None,None,1,1,twty,"Pasadena, CA","{'hashtags': [], 'symbols': [], 'user_mentions': [], 'urls': [{'url': 'https://t.co/9xiRVINxYE', 'expanded_url': 'http://earthquake.usgs.gov/earthquakes/eventpage/ci39346799#executive', 'display_url': 'earthquake.usgs.gov/earthquakes/ev…', 'indices': [91, 114]}]}",3673,FALSE,3,FALSE,Caltech Quake Bot,FALSE,FALSE,pl,"Results preliminary and subject to change upon review. Visit our website for more info. ""AutoEQ"" = Automated post. All others are manual posts by the SCSN.",FALSE,CaltechQuake,7177,FALSE,FALSE
68,1.29502E+18,8/16/2020 15:15,"AutoEQ Ml2.9 2020-08-16 15:13 UTC [2020-08-16 08:13 PDT] 8 mi ESE of Olancha, CA depth 02 km https://t.co/gNVx6dVf6r",None,None,None,None,None,1,0,twty,"Pasadena, CA","{'hashtags': [], 'symbols': [], 'user_mentions': [], 'urls': [{'url': 'https://t.co/gNVx6dVf6r', 'expanded_url': 'http://earthquake.usgs.gov/earthquakes/eventpage/ci39346743#executive', 'display_url': 'earthquake.usgs.gov/earthquakes/ev…', 'indices': [93, 116]}]}",3673,FALSE,3,FALSE,Caltech Quake Bot,FALSE,FALSE,pt,"Results preliminary and subject to change upon review. Visit our website for more info. ""AutoEQ"" = Automated post. All others are manual posts by the SCSN.",FALSE,CaltechQuake,7177,FALSE,FALSE
69,1.29497E+18,8/16/2020 12:10,"AutoEQ Ml3.0 2020-08-16 12:08 UTC [2020-08-16 05:08 PDT] 24 mi NE of Trona, CA depth 00 km https://t.co/xCzZ2J4amw",None,None,None,None,None,0,0,twty,"Pasadena, CA","{'hashtags': [], 'symbols': [], 'user_mentions': [], 'urls': [{'url': 'https://t.co/xCzZ2J4amw', 'expanded_url': 'http://earthquake.usgs.gov/earthquakes/eventpage/ci39346591#executive', 'display_url': 'earthquake.usgs.gov/earthquakes/ev…', 'indices': [91, 114]}]}",3673,FALSE,3,FALSE,Caltech Quake Bot,FALSE,FALSE,pl,"Results preliminary and subject to change upon review. Visit our website for more info. ""AutoEQ"" = Automated post. All others are manual posts by the SCSN.",FALSE,CaltechQuake,7177,FALSE,FALSE
70,1.29492E+18,8/16/2020 8:36,"AutoEQ Ml2.8 2020-08-16 08:33 UTC [2020-08-16 01:33 PDT] 10 mi S of Searles Valley, CA depth 08 km https://t.co/c4DtW5bLTk",None,None,None,None,None,0,1,twty,"Pasadena, CA","{'hashtags': [], 'symbols': [], 'user_mentions': [], 'urls': [{'url': 'https://t.co/c4DtW5bLTk', 'expanded_url': 'http://earthquake.usgs.gov/earthquakes/eventpage/ci39346495#executive', 'display_url': 'earthquake.usgs.gov/earthquakes/ev…', 'indices': [99, 122]}]}",3673,FALSE,3,FALSE,Caltech Quake Bot,FALSE,FALSE,en,"Results preliminary and subject to change upon review. Visit our website for more info. ""AutoEQ"" = Automated post. All others are manual posts by the SCSN.",FALSE,CaltechQuake,7177,FALSE,FALSE
71,1.29491E+18,8/16/2020 8:32,"AutoEQ Ml2.8 2020-08-16 08:30 UTC [2020-08-16 01:30 PDT] 0 mi WNW of Lake Hughes, CA depth 09 km https://t.co/FRP4rFugEP",None,None,None,None,None,2,1,twty,"Pasadena, CA","{'hashtags': [], 'symbols': [], 'user_mentions': [], 'urls': [{'url': 'https://t.co/FRP4rFugEP', 'expanded_url': 'http://earthquake.usgs.gov/earthquakes/eventpage/ci39346487#executive', 'display_url': 'earthquake.usgs.gov/earthquakes/ev…', 'indices': [97, 120]}]}",3673,FALSE,3,FALSE,Caltech Quake Bot,FALSE,FALSE,en,"Results preliminary and subject to change upon review. Visit our website for more info. ""AutoEQ"" = Automated post. All others are manual posts by the SCSN.",FALSE,CaltechQuake,7177,FALSE,FALSE
72,1.2942E+18,8/14/2020 9:07,"AutoEQ Ml3.1 2020-08-14 09:05 UTC [2020-08-14 02:05 PDT] 3 mi SW of Salton City, CA depth 08 km https://t.co/30wjtKdKlA",None,None,None,None,None,0,0,twty,"Pasadena, CA","{'hashtags': [], 'symbols': [], 'user_mentions': [], 'urls': [{'url': 'https://t.co/30wjtKdKlA', 'expanded_url': 'http://earthquake.usgs.gov/earthquakes/eventpage/ci39344127#executive', 'display_url': 'earthquake.usgs.gov/earthquakes/ev…', 'indices': [96, 119]}]}",3673,FALSE,3,FALSE,Caltech Quake Bot,FALSE,FALSE,en,"Results preliminary and subject to change upon review. Visit our website for more info. ""AutoEQ"" = Automated post. All others are manual posts by the SCSN.",FALSE,CaltechQuake,7177,FALSE,FALSE
73,1.2942E+18,8/14/2020 9:07,"AutoEQ Ml3.1 2020-08-14 09:05 UTC [2020-08-14 02:05 PDT] 3 mi SW of Salton City, CA depth 08 km https://t.co/30wjtKdKlA",None,None,None,None,None,0,0,twty,"Pasadena, CA","{'hashtags': [], 'symbols': [], 'user_mentions': [], 'urls': [{'url': 'https://t.co/30wjtKdKlA', 'expanded_url': 'http://earthquake.usgs.gov/earthquakes/eventpage/ci39344127#executive', 'display_url': 'earthquake.usgs.gov/earthquakes/ev…', 'indices': [96, 119]}]}",3673,FALSE,3,FALSE,Caltech Quake Bot,FALSE,FALSE,en,"Results preliminary and subject to change upon review. Visit our website for more info. ""AutoEQ"" = Automated post. All others are manual posts by the SCSN.",FALSE,CaltechQuake,7177,FALSE,FALSE
74,1.29315E+18,8/11/2020 11:22,"AutoEQ Ml3.2 2020-08-11 11:19 UTC [2020-08-11 04:19 PDT] 8 mi SSE of Bombay Beach, CA depth 07 km https://t.co/0B2hS3dJV6",None,None,None,None,None,0,0,twty,"Pasadena, CA","{'hashtags': [], 'symbols': [], 'user_mentions': [], 'urls': [{'url': 'https://t.co/0B2hS3dJV6', 'expanded_url': 'http://earthquake.usgs.gov/earthquakes/eventpage/ci39340599#executive', 'display_url': 'earthquake.usgs.gov/earthquakes/ev…', 'indices': [98, 121]}]}",3673,FALSE,3,FALSE,Caltech Quake Bot,FALSE,FALSE,pl,"Results preliminary and subject to change upon review. Visit our website for more info. ""AutoEQ"" = Automated post. All others are manual posts by the SCSN.",FALSE,CaltechQuake,7177,FALSE,FALSE
75,1.29299E+18,8/11/2020 1:18,AutoEq #EarthquakeSwarm ends for #BrawleySeismicZone from 2020/08/10 23:18:38 UTC. https://t.co/wQkTgwZPmT,None,None,None,None,None,1,2,twty,"Pasadena, CA","{'hashtags': [{'text': 'EarthquakeSwarm', 'indices': [7, 23]}, {'text': 'BrawleySeismicZone', 'indices': [33, 52]}], 'symbols': [], 'user_mentions': [], 'urls': [{'url': 'https://t.co/wQkTgwZPmT', 'expanded_url': 'http://www.scsn.org/index.php/earthquakes/earthquake-swarms/', 'display_url': 'scsn.org/index.php/eart…', 'indices': [83, 106]}]}",3673,FALSE,3,FALSE,Caltech Quake Bot,FALSE,FALSE,en,"Results preliminary and subject to change upon review. Visit our website for more info. ""AutoEQ"" = Automated post. All others are manual posts by the SCSN.",FALSE,CaltechQuake,7177,FALSE,FALSE
76,1.29296E+18,8/10/2020 23:18,"AutoEq #EarthquakeSwarm starts for #BrawleySeismicZone 2020/08/10 22:18:38 UTC, 10.0/hr M&gt;=1.2. https://t.co/wQkTgwZPmT",None,None,None,None,None,2,2,twty,"Pasadena, CA","{'hashtags': [{'text': 'EarthquakeSwarm', 'indices': [7, 23]}, {'text': 'BrawleySeismicZone', 'indices': [35, 54]}], 'symbols': [], 'user_mentions': [], 'urls': [{'url': 'https://t.co/wQkTgwZPmT', 'expanded_url': 'http://www.scsn.org/index.php/earthquakes/earthquake-swarms/', 'display_url': 'scsn.org/index.php/eart…', 'indices': [99, 122]}]}",3673,FALSE,3,FALSE,Caltech Quake Bot,FALSE,FALSE,da,"Results preliminary and subject to change upon review. Visit our website for more info. ""AutoEQ"" = Automated post. All others are manual posts by the SCSN.",FALSE,CaltechQuake,7177,FALSE,FALSE
77,1.29296E+18,8/10/2020 22:46,"AutoEQ Ml3.3 2020-08-10 22:44 UTC [2020-08-10 15:44 PDT] 7 mi WNW of Calipatria, CA depth 09 km https://t.co/k1CYNjQUH1",None,None,None,None,None,2,1,twty,"Pasadena, CA","{'hashtags': [], 'symbols': [], 'user_mentions': [], 'urls': [{'url': 'https://t.co/k1CYNjQUH1', 'expanded_url': 'http://earthquake.usgs.gov/earthquakes/eventpage/ci39339791#executive', 'display_url': 'earthquake.usgs.gov/earthquakes/ev…', 'indices': [96, 119]}]}",3673,FALSE,3,FALSE,Caltech Quake Bot,FALSE,FALSE,en,"Results preliminary and subject to change upon review. Visit our website for more info. ""AutoEQ"" = Automated post. All others are manual posts by the SCSN.",FALSE,CaltechQuake,7177,FALSE,FALSE
78,1.29295E+18,8/10/2020 22:37,AutoEq #EarthquakeSwarm ends for #BrawleySeismicZone from 2020/08/10 20:37:14 UTC. https://t.co/wQkTgwZPmT,None,None,None,None,None,0,0,twty,"Pasadena, CA","{'hashtags': [{'text': 'EarthquakeSwarm', 'indices': [7, 23]}, {'text': 'BrawleySeismicZone', 'indices': [33, 52]}], 'symbols': [], 'user_mentions': [], 'urls': [{'url': 'https://t.co/wQkTgwZPmT', 'expanded_url': 'http://www.scsn.org/index.php/earthquakes/earthquake-swarms/', 'display_url': 'scsn.org/index.php/eart…', 'indices': [83, 106]}]}",3673,FALSE,3,FALSE,Caltech Quake Bot,FALSE,FALSE,en,"Results preliminary and subject to change upon review. Visit our website for more info. ""AutoEQ"" = Automated post. All others are manual posts by the SCSN.",FALSE,CaltechQuake,7177,FALSE,FALSE
79,1.29294E+18,8/10/2020 21:37,"AutoEq #EarthquakeSwarm ongoing for #BrawleySeismicZone 2020/08/10 19:37:14 UTC, 11.0/hr M&gt;=1.2. https://t.co/wQkTgwZPmT",None,None,None,None,None,0,2,twty,"Pasadena, CA","{'hashtags': [{'text': 'EarthquakeSwarm', 'indices': [7, 23]}, {'text': 'BrawleySeismicZone', 'indices': [36, 55]}], 'symbols': [], 'user_mentions': [], 'urls': [{'url': 'https://t.co/wQkTgwZPmT', 'expanded_url': 'http://www.scsn.org/index.php/earthquakes/earthquake-swarms/', 'display_url': 'scsn.org/index.php/eart…', 'indices': [100, 123]}]}",3673,FALSE,3,FALSE,Caltech Quake Bot,FALSE,FALSE,en,"Results preliminary and subject to change upon review. Visit our website for more info. ""AutoEQ"" = Automated post. All others are manual posts by the SCSN.",FALSE,CaltechQuake,7177,FALSE,FALSE
80,1.29293E+18,8/10/2020 20:47,"AutoEQ Ml2.8 2020-08-10 20:45 UTC [2020-08-10 13:45 PDT] 7 mi SSE of Bombay Beach, CA depth 02 km https://t.co/eS6VTa1618",None,None,None,None,None,0,1,twty,"Pasadena, CA","{'hashtags': [], 'symbols': [], 'user_mentions': [], 'urls': [{'url': 'https://t.co/eS6VTa1618', 'expanded_url': 'http://earthquake.usgs.gov/earthquakes/eventpage/ci39339479#executive', 'display_url': 'earthquake.usgs.gov/earthquakes/ev…', 'indices': [98, 121]}]}",3673,FALSE,3,FALSE,Caltech Quake Bot,FALSE,FALSE,pl,"Results preliminary and subject to change upon review. Visit our website for more info. ""AutoEQ"" = Automated post. All others are manual posts by the SCSN.",FALSE,CaltechQuake,7177,FALSE,FALSE
81,1.29291E+18,8/10/2020 19:37,"AutoEq #EarthquakeSwarm rate increase for #BrawleySeismicZone 2020/08/10 18:37:14 UTC, 15.0/hr M&gt;=1.2. https://t.co/wQkTgwZPmT",None,None,None,None,None,0,2,twty,"Pasadena, CA","{'hashtags': [{'text': 'EarthquakeSwarm', 'indices': [7, 23]}, {'text': 'BrawleySeismicZone', 'indices': [42, 61]}], 'symbols': [], 'user_mentions': [], 'urls': [{'url': 'https://t.co/wQkTgwZPmT', 'expanded_url': 'http://www.scsn.org/index.php/earthquakes/earthquake-swarms/', 'display_url': 'scsn.org/index.php/eart…', 'indices': [106, 129]}]}",3673,FALSE,3,FALSE,Caltech Quake Bot,FALSE,FALSE,en,"Results preliminary and subject to change upon review. Visit our website for more info. ""AutoEQ"" = Automated post. All others are manual posts by the SCSN.",FALSE,CaltechQuake,7177,FALSE,FALSE
82,1.29291E+18,8/10/2020 19:33,"AutoEQ Ml3.1 2020-08-10 19:31 UTC [2020-08-10 12:31 PDT] 6 mi SSE of Bombay Beach, CA depth 05 km https://t.co/90zBLHNjeP",None,None,None,None,None,0,0,twty,"Pasadena, CA","{'hashtags': [], 'symbols': [], 'user_mentions': [], 'urls': [{'url': 'https://t.co/90zBLHNjeP', 'expanded_url': 'http://earthquake.usgs.gov/earthquakes/eventpage/ci39339199#executive', 'display_url': 'earthquake.usgs.gov/earthquakes/ev…', 'indices': [98, 121]}]}",3673,FALSE,3,FALSE,Caltech Quake Bot,FALSE,FALSE,pl,"Results preliminary and subject to change upon review. Visit our website for more info. ""AutoEQ"" = Automated post. All others are manual posts by the SCSN.",FALSE,CaltechQuake,7177,FALSE,FALSE
83,1.29291E+18,8/10/2020 19:32,"AutoEQ Mlr3.6 2020-08-10 19:29 UTC [2020-08-10 12:29 PDT] 7 mi SSE of Bombay Beach, CA depth 03 km https://t.co/cluqUD0FGM",None,None,None,None,None,0,1,twty,"Pasadena, CA","{'hashtags': [], 'symbols': [], 'user_mentions': [], 'urls': [{'url': 'https://t.co/cluqUD0FGM', 'expanded_url': 'http://earthquake.usgs.gov/earthquakes/eventpage/ci39339191#executive', 'display_url': 'earthquake.usgs.gov/earthquakes/ev…', 'indices': [99, 122]}]}",3673,FALSE,3,FALSE,Caltech Quake Bot,FALSE,FALSE,pl,"Results preliminary and subject to change upon review. Visit our website for more info. ""AutoEQ"" = Automated post. All others are manual posts by the SCSN.",FALSE,CaltechQuake,7177,FALSE,FALSE
84,1.2929E+18,8/10/2020 19:01,"AutoEQ Ml3.0 2020-08-10 18:58 UTC [2020-08-10 11:58 PDT] 7 mi SSE of Bombay Beach, CA depth 08 km https://t.co/yh5PH1vW9t",None,None,None,None,None,0,0,twty,"Pasadena, CA","{'hashtags': [], 'symbols': [], 'user_mentions': [], 'urls': [{'url': 'https://t.co/yh5PH1vW9t', 'expanded_url': 'http://earthquake.usgs.gov/earthquakes/eventpage/ci39339095#executive', 'display_url': 'earthquake.usgs.gov/earthquakes/ev…', 'indices': [98, 121]}]}",3673,FALSE,3,FALSE,Caltech Quake Bot,FALSE,FALSE,pl,"Results preliminary and subject to change upon review. Visit our website for more info. ""AutoEQ"" = Automated post. All others are manual posts by the SCSN.",FALSE,CaltechQuake,7177,FALSE,FALSE
85,1.2929E+18,8/10/2020 18:55,"AutoEQ Ml3.2 2020-08-10 18:53 UTC [2020-08-10 11:53 PDT] 6 mi SSE of Bombay Beach, CA depth 05 km https://t.co/DNqcwIdCul",None,None,None,None,None,0,1,twty,"Pasadena, CA","{'hashtags': [], 'symbols': [], 'user_mentions': [], 'urls': [{'url': 'https://t.co/DNqcwIdCul', 'expanded_url': 'http://earthquake.usgs.gov/earthquakes/eventpage/ci39339079#executive', 'display_url': 'earthquake.usgs.gov/earthquakes/ev…', 'indices': [98, 121]}]}",3673,FALSE,3,FALSE,Caltech Quake Bot,FALSE,FALSE,pl,"Results preliminary and subject to change upon review. Visit our website for more info. ""AutoEQ"" = Automated post. All others are manual posts by the SCSN.",FALSE,CaltechQuake,7177,FALSE,FALSE
86,1.29289E+18,8/10/2020 18:32,"AutoEQ Ml3.0 2020-08-10 18:30 UTC [2020-08-10 11:30 PDT] 9 mi SSE of Bombay Beach, CA depth 03 km https://t.co/GqtC7Hviam",None,None,None,None,None,0,2,twty,"Pasadena, CA","{'hashtags': [], 'symbols': [], 'user_mentions': [], 'urls': [{'url': 'https://t.co/GqtC7Hviam', 'expanded_url': 'http://earthquake.usgs.gov/earthquakes/eventpage/ci39339015#executive', 'display_url': 'earthquake.usgs.gov/earthquakes/ev…', 'indices': [98, 121]}]}",3673,FALSE,3,FALSE,Caltech Quake Bot,FALSE,FALSE,pl,"Results preliminary and subject to change upon review. Visit our website for more info. ""AutoEQ"" = Automated post. All others are manual posts by the SCSN.",FALSE,CaltechQuake,7177,FALSE,FALSE
87,1.29288E+18,8/10/2020 17:57,"AutoEq #EarthquakeSwarm rate increase for #BrawleySeismicZone 2020/08/10 16:57:02 UTC, 18.0/hr M&gt;=1.2. https://t.co/wQkTgwZPmT",None,None,None,None,None,2,4,twty,"Pasadena, CA","{'hashtags': [{'text': 'EarthquakeSwarm', 'indices': [7, 23]}, {'text': 'BrawleySeismicZone', 'indices': [42, 61]}], 'symbols': [], 'user_mentions': [], 'urls': [{'url': 'https://t.co/wQkTgwZPmT', 'expanded_url': 'http://www.scsn.org/index.php/earthquakes/earthquake-swarms/', 'display_url': 'scsn.org/index.php/eart…', 'indices': [106, 129]}]}",3673,FALSE,3,FALSE,Caltech Quake Bot,FALSE,FALSE,en,"Results preliminary and subject to change upon review. Visit our website for more info. ""AutoEQ"" = Automated post. All others are manual posts by the SCSN.",FALSE,CaltechQuake,7177,FALSE,FALSE
88,1.29288E+18,8/10/2020 17:48,"AutoEQ Ml2.9 2020-08-10 17:46 UTC [2020-08-10 10:46 PDT] 6 mi SSE of Bombay Beach, CA depth 03 km https://t.co/Wue5Z5Uv1Q",None,None,None,None,None,0,1,twty,"Pasadena, CA","{'hashtags': [], 'symbols': [], 'user_mentions': [], 'urls': [{'url': 'https://t.co/Wue5Z5Uv1Q', 'expanded_url': 'http://earthquake.usgs.gov/earthquakes/eventpage/ci39338855#executive', 'display_url': 'earthquake.usgs.gov/earthquakes/ev…', 'indices': [98, 121]}]}",3673,FALSE,3,FALSE,Caltech Quake Bot,FALSE,FALSE,pl,"Results preliminary and subject to change upon review. Visit our website for more info. ""AutoEQ"" = Automated post. All others are manual posts by the SCSN.",FALSE,CaltechQuake,7177,FALSE,FALSE
89,1.29288E+18,8/10/2020 17:41,"AutoEQ Ml3.3 2020-08-10 17:39 UTC [2020-08-10 10:39 PDT] 9 mi SSE of Bombay Beach, CA depth 02 km https://t.co/gIbAPNJ1SH",None,None,None,None,None,1,2,twty,"Pasadena, CA","{'hashtags': [], 'symbols': [], 'user_mentions': [], 'urls': [{'url': 'https://t.co/gIbAPNJ1SH', 'expanded_url': 'http://earthquake.usgs.gov/earthquakes/eventpage/ci39338839#executive', 'display_url': 'earthquake.usgs.gov/earthquakes/ev…', 'indices': [98, 121]}]}",3673,FALSE,3,FALSE,Caltech Quake Bot,FALSE,FALSE,pl,"Results preliminary and subject to change upon review. Visit our website for more info. ""AutoEQ"" = Automated post. All others are manual posts by the SCSN.",FALSE,CaltechQuake,7177,FALSE,FALSE
90,1.29287E+18,8/10/2020 17:24,"AutoEQ Ml3.0 2020-08-10 17:22 UTC [2020-08-10 10:22 PDT] 6 mi SSE of Bombay Beach, CA depth 03 km https://t.co/g95q8FM7fk",None,None,None,None,None,0,1,twty,"Pasadena, CA","{'hashtags': [], 'symbols': [], 'user_mentions': [], 'urls': [{'url': 'https://t.co/g95q8FM7fk', 'expanded_url': 'http://earthquake.usgs.gov/earthquakes/eventpage/ci39338767#executive', 'display_url': 'earthquake.usgs.gov/earthquakes/ev…', 'indices': [98, 121]}]}",3673,FALSE,3,FALSE,Caltech Quake Bot,FALSE,FALSE,pl,"Results preliminary and subject to change upon review. Visit our website for more info. ""AutoEQ"" = Automated post. All others are manual posts by the SCSN.",FALSE,CaltechQuake,7177,FALSE,FALSE
91,1.29287E+18,8/10/2020 16:54,"AutoEq #EarthquakeSwarm rate increase for #BrawleySeismicZone 2020/08/10 16:06:42 UTC, 18.7/hr M&gt;=1.2. https://t.co/wQkTgwZPmT",None,None,None,None,None,4,3,twty,"Pasadena, CA","{'hashtags': [{'text': 'EarthquakeSwarm', 'indices': [7, 23]}, {'text': 'BrawleySeismicZone', 'indices': [42, 61]}], 'symbols': [], 'user_mentions': [], 'urls': [{'url': 'https://t.co/wQkTgwZPmT', 'expanded_url': 'http://www.scsn.org/index.php/earthquakes/earthquake-swarms/', 'display_url': 'scsn.org/index.php/eart…', 'indices': [106, 129]}]}",3673,FALSE,3,FALSE,Caltech Quake Bot,FALSE,FALSE,en,"Results preliminary and subject to change upon review. Visit our website for more info. ""AutoEQ"" = Automated post. All others are manual posts by the SCSN.",FALSE,CaltechQuake,7177,FALSE,FALSE
92,1.29286E+18,8/10/2020 16:20,"M4.6 12km SSE of #BombayBeach, CA, #SouthernCalifornia #Earthquake confirmed valid. Updated analysis coming soon @ https://t.co/JbXZh5iDUr",None,None,None,None,None,2,7,WP Dashboard Twitter,"Pasadena, CA","{'hashtags': [{'text': 'BombayBeach', 'indices': [17, 29]}, {'text': 'SouthernCalifornia', 'indices': [35, 54]}, {'text': 'Earthquake', 'indices': [55, 66]}], 'symbols': [], 'user_mentions': [], 'urls': [{'url': 'https://t.co/JbXZh5iDUr', 'expanded_url': 'http://www.scsn.org/index.php/earthquakes/latest-earthquake-information/index.html', 'display_url': 'scsn.org/index.php/eart…', 'indices': [115, 138]}]}",3673,FALSE,3,FALSE,Caltech Quake Bot,FALSE,FALSE,en,"Results preliminary and subject to change upon review. Visit our website for more info. ""AutoEQ"" = Automated post. All others are manual posts by the SCSN.",FALSE,CaltechQuake,7177,FALSE,FALSE
93,1.29286E+18,8/10/2020 16:20,"M4.6 12km SSE of #BombayBeach, CA, #SouthernCalifornia #Earthquake confirmed valid. Updated analysis coming soon @ https://t.co/JbXZh5iDUr",None,None,None,None,None,2,7,WP Dashboard Twitter,"Pasadena, CA","{'hashtags': [{'text': 'BombayBeach', 'indices': [17, 29]}, {'text': 'SouthernCalifornia', 'indices': [35, 54]}, {'text': 'Earthquake', 'indices': [55, 66]}], 'symbols': [], 'user_mentions': [], 'urls': [{'url': 'https://t.co/JbXZh5iDUr', 'expanded_url': 'http://www.scsn.org/index.php/earthquakes/latest-earthquake-information/index.html', 'display_url': 'scsn.org/index.php/eart…', 'indices': [115, 138]}]}",3673,FALSE,3,FALSE,Caltech Quake Bot,FALSE,FALSE,en,"Results preliminary and subject to change upon review. Visit our website for more info. ""AutoEQ"" = Automated post. All others are manual posts by the SCSN.",FALSE,CaltechQuake,7177,FALSE,FALSE
94,1.29286E+18,8/10/2020 16:16,"AutoEQ Ml3.4 2020-08-10 16:13 UTC [2020-08-10 09:13 PDT] 9 mi SSE of Bombay Beach, CA depth 08 km https://t.co/LPW8RQbPyZ",None,None,None,None,None,1,0,twty,"Pasadena, CA","{'hashtags': [], 'symbols': [], 'user_mentions': [], 'urls': [{'url': 'https://t.co/LPW8RQbPyZ', 'expanded_url': 'http://earthquake.usgs.gov/earthquakes/eventpage/ci39338487#executive', 'display_url': 'earthquake.usgs.gov/earthquakes/ev…', 'indices': [98, 121]}]}",3673,FALSE,3,FALSE,Caltech Quake Bot,FALSE,FALSE,pl,"Results preliminary and subject to change upon review. Visit our website for more info. ""AutoEQ"" = Automated post. All others are manual posts by the SCSN.",FALSE,CaltechQuake,7177,FALSE,FALSE
95,1.29285E+18,8/10/2020 16:06,"AutoEq #EarthquakeSwarm starts for #BrawleySeismicZone 2020/08/10 15:06:42 UTC, 10.0/hr M&gt;=1.2. https://t.co/wQkTgwZPmT",None,None,None,None,None,3,2,twty,"Pasadena, CA","{'hashtags': [{'text': 'EarthquakeSwarm', 'indices': [7, 23]}, {'text': 'BrawleySeismicZone', 'indices': [35, 54]}], 'symbols': [], 'user_mentions': [], 'urls': [{'url': 'https://t.co/wQkTgwZPmT', 'expanded_url': 'http://www.scsn.org/index.php/earthquakes/earthquake-swarms/', 'display_url': 'scsn.org/index.php/eart…', 'indices': [99, 122]}]}",3673,FALSE,3,FALSE,Caltech Quake Bot,FALSE,FALSE,da,"Results preliminary and subject to change upon review. Visit our website for more info. ""AutoEQ"" = Automated post. All others are manual posts by the SCSN.",FALSE,CaltechQuake,7177,FALSE,FALSE
96,1.29285E+18,8/10/2020 16:06,"AutoEQ Mlr3.5 2020-08-10 16:03 UTC [2020-08-10 09:03 PDT] 8 mi SSE of Bombay Beach, CA depth 03 km https://t.co/jAJqhf9Y3o",None,None,None,None,None,1,0,twty,"Pasadena, CA","{'hashtags': [], 'symbols': [], 'user_mentions': [], 'urls': [{'url': 'https://t.co/jAJqhf9Y3o', 'expanded_url': 'http://earthquake.usgs.gov/earthquakes/eventpage/ci39338447#executive', 'display_url': 'earthquake.usgs.gov/earthquakes/ev…', 'indices': [99, 122]}]}",3673,FALSE,3,FALSE,Caltech Quake Bot,FALSE,FALSE,pl,"Results preliminary and subject to change upon review. Visit our website for more info. ""AutoEQ"" = Automated post. All others are manual posts by the SCSN.",FALSE,CaltechQuake,7177,FALSE,FALSE
97,1.29285E+18,8/10/2020 16:04,"AutoEQ Ml3.0 2020-08-10 16:02 UTC [2020-08-10 09:02 PDT] 8 mi SSE of Bombay Beach, CA depth 05 km https://t.co/WCf8Jy7OAX",None,None,None,None,None,0,0,twty,"Pasadena, CA","{'hashtags': [], 'symbols': [], 'user_mentions': [], 'urls': [{'url': 'https://t.co/WCf8Jy7OAX', 'expanded_url': 'http://earthquake.usgs.gov/earthquakes/eventpage/ci39338439#executive', 'display_url': 'earthquake.usgs.gov/earthquakes/ev…', 'indices': [98, 121]}]}",3673,FALSE,3,FALSE,Caltech Quake Bot,FALSE,FALSE,pl,"Results preliminary and subject to change upon review. Visit our website for more info. ""AutoEQ"" = Automated post. All others are manual posts by the SCSN.",FALSE,CaltechQuake,7177,FALSE,FALSE
98,1.29285E+18,8/10/2020 16:04,"M4.6 12km SSE of #BombayBeach, CA, #SouthernCalifornia #Earthquake confirmed valid. Updated analysis coming soon @ https://t.co/JbXZh5iDUr",None,None,None,None,None,3,3,Twitter Web App,"Pasadena, CA","{'hashtags': [{'text': 'BombayBeach', 'indices': [17, 29]}, {'text': 'SouthernCalifornia', 'indices': [35, 54]}, {'text': 'Earthquake', 'indices': [55, 66]}], 'symbols': [], 'user_mentions': [], 'urls': [{'url': 'https://t.co/JbXZh5iDUr', 'expanded_url': 'http://www.scsn.org/index.php/earthquakes/latest-earthquake-information/index.html', 'display_url': 'scsn.org/index.php/eart…', 'indices': [115, 138]}]}",3673,FALSE,3,FALSE,Caltech Quake Bot,FALSE,FALSE,en,"Results preliminary and subject to change upon review. Visit our website for more info. ""AutoEQ"" = Automated post. All others are manual posts by the SCSN.",FALSE,CaltechQuake,7177,FALSE,FALSE
99,1.29285E+18,8/10/2020 16:03,"AutoEQ Ml3.2 2020-08-10 16:01 UTC [2020-08-10 09:01 PDT] 8 mi SSE of Bombay Beach, CA depth 03 km https://t.co/oLhMY3LbZw",None,None,None,None,None,1,0,twty,"Pasadena, CA","{'hashtags': [], 'symbols': [], 'user_mentions': [], 'urls': [{'url': 'https://t.co/oLhMY3LbZw', 'expanded_url': 'http://earthquake.usgs.gov/earthquakes/eventpage/ci39338431#executive', 'display_url': 'earthquake.usgs.gov/earthquakes/ev…', 'indices': [98, 121]}]}",3673,FALSE,3,FALSE,Caltech Quake Bot,FALSE,FALSE,pl,"Results preliminary and subject to change upon review. Visit our website for more info. ""AutoEQ"" = Automated post. All others are manual posts by the SCSN.",FALSE,CaltechQuake,7177,FALSE,FALSE
100,1.29285E+18,8/10/2020 15:59,"AutoEQ Mlr4.0 2020-08-10 15:56 UTC [2020-08-10 08:56 PDT] 8 mi SSE of Bombay Beach, CA depth 11 km https://t.co/4njKjasYY4",None,None,None,None,None,2,1,twty,"Pasadena, CA","{'hashtags': [], 'symbols': [], 'user_mentions': [], 'urls': [{'url': 'https://t.co/4njKjasYY4', 'expanded_url': 'http://earthquake.usgs.gov/earthquakes/eventpage/ci39338407#executive', 'display_url': 'earthquake.usgs.gov/earthquakes/ev…', 'indices': [99, 122]}]}",3673,FALSE,3,FALSE,Caltech Quake Bot,FALSE,FALSE,pl,"Results preliminary and subject to change upon review. Visit our website for more info. ""AutoEQ"" = Automated post. All others are manual posts by the SCSN.",FALSE,CaltechQuake,7177,FALSE,FALSE
101,1.29285E+18,8/10/2020 15:58,"AutoEQ Ml3.5 2020-08-10 15:55 UTC [2020-08-10 08:55 PDT] 7 mi SSE of Bombay Beach, CA depth 02 km https://t.co/KGphU3t0OG",None,None,None,None,None,1,0,twty,"Pasadena, CA","{'hashtags': [], 'symbols': [], 'user_mentions': [], 'urls': [{'url': 'https://t.co/KGphU3t0OG', 'expanded_url': 'http://earthquake.usgs.gov/earthquakes/eventpage/ci39338399#executive', 'display_url': 'earthquake.usgs.gov/earthquakes/ev…', 'indices': [98, 121]}]}",3673,FALSE,3,FALSE,Caltech Quake Bot,FALSE,FALSE,pl,"Results preliminary and subject to change upon review. Visit our website for more info. ""AutoEQ"" = Automated post. All others are manual posts by the SCSN.",FALSE,CaltechQuake,7177,FALSE,FALSE
102,1.29282E+18,8/10/2020 13:36,"AutoEQ Ml3.1 2020-08-10 13:33 UTC [2020-08-10 06:33 PDT] 8 mi N of Westmorland, CA depth 07 km https://t.co/iyQ575Uk1R",None,None,None,None,None,1,1,twty,"Pasadena, CA","{'hashtags': [], 'symbols': [], 'user_mentions': [], 'urls': [{'url': 'https://t.co/iyQ575Uk1R', 'expanded_url': 'http://earthquake.usgs.gov/earthquakes/eventpage/ci39338199#executive', 'display_url': 'earthquake.usgs.gov/earthquakes/ev…', 'indices': [95, 118]}]}",3673,FALSE,3,FALSE,Caltech Quake Bot,FALSE,FALSE,en,"Results preliminary and subject to change upon review. Visit our website for more info. ""AutoEQ"" = Automated post. All others are manual posts by the SCSN.",FALSE,CaltechQuake,7177,FALSE,FALSE
103,1.29229E+18,8/9/2020 2:47,"AutoEQ Ml2.9 2020-08-09 02:45 UTC [2020-08-08 19:45 PDT] 14 mi ESE of Ocotillo Wells, CA depth 03 km https://t.co/Xk3v2ihWlC",None,None,None,None,None,1,1,twty,"Pasadena, CA","{'hashtags': [], 'symbols': [], 'user_mentions': [], 'urls': [{'url': 'https://t.co/Xk3v2ihWlC', 'expanded_url': 'http://earthquake.usgs.gov/earthquakes/eventpage/ci39336903#executive', 'display_url': 'earthquake.usgs.gov/earthquakes/ev…', 'indices': [101, 124]}]}",3673,FALSE,3,FALSE,Caltech Quake Bot,FALSE,FALSE,en,"Results preliminary and subject to change upon review. Visit our website for more info. ""AutoEQ"" = Automated post. All others are manual posts by the SCSN.",FALSE,CaltechQuake,7177,FALSE,FALSE
104,1.29041E+18,8/3/2020 22:21,"AutoEQ Mlr3.5 2020-08-03 22:18 UTC [2020-08-03 15:18 PDT] 2 mi SW of Yorba Linda, CA depth 09 km https://t.co/E0j8WIr4M7",None,None,None,None,None,8,5,twty,"Pasadena, CA","{'hashtags': [], 'symbols': [], 'user_mentions': [], 'urls': [{'url': 'https://t.co/E0j8WIr4M7', 'expanded_url': 'http://earthquake.usgs.gov/earthquakes/eventpage/ci39328911#executive', 'display_url': 'earthquake.usgs.gov/earthquakes/ev…', 'indices': [97, 120]}]}",3673,FALSE,3,FALSE,Caltech Quake Bot,FALSE,FALSE,pl,"Results preliminary and subject to change upon review. Visit our website for more info. ""AutoEQ"" = Automated post. All others are manual posts by the SCSN.",FALSE,CaltechQuake,7177,FALSE,FALSE
105,1.2902E+18,8/3/2020 8:27,"AutoEQ Ml2.8 2020-08-03 08:25 UTC [2020-08-03 01:25 PDT] 4 mi SSW of Beaumont, CA depth 14 km https://t.co/4oX3cGJ9y2",None,None,None,None,None,2,0,twty,"Pasadena, CA","{'hashtags': [], 'symbols': [], 'user_mentions': [], 'urls': [{'url': 'https://t.co/4oX3cGJ9y2', 'expanded_url': 'http://earthquake.usgs.gov/earthquakes/eventpage/ci39327959#executive', 'display_url': 'earthquake.usgs.gov/earthquakes/ev…', 'indices': [94, 117]}]}",3673,FALSE,3,FALSE,Caltech Quake Bot,FALSE,FALSE,pl,"Results preliminary and subject to change upon review. Visit our website for more info. ""AutoEQ"" = Automated post. All others are manual posts by the SCSN.",FALSE,CaltechQuake,7177,FALSE,FALSE
106,1.28884E+18,7/30/2020 14:26,"AutoEQ Ml2.8 2020-07-30 14:24 UTC [2020-07-30 07:24 PDT] 1 mi N of Pacoima, CA depth 07 km https://t.co/FJK2mmwRdm",None,None,None,None,None,1,0,twty,"Pasadena, CA","{'hashtags': [], 'symbols': [], 'user_mentions': [], 'urls': [{'url': 'https://t.co/FJK2mmwRdm', 'expanded_url': 'http://earthquake.usgs.gov/earthquakes/eventpage/ci39322919#executive', 'display_url': 'earthquake.usgs.gov/earthquakes/ev…', 'indices': [91, 114]}]}",3673,FALSE,3,FALSE,Caltech Quake Bot,FALSE,FALSE,pl,"Results preliminary and subject to change upon review. Visit our website for more info. ""AutoEQ"" = Automated post. All others are manual posts by the SCSN.",FALSE,CaltechQuake,7177,FALSE,FALSE
107,1.28883E+18,7/30/2020 13:50,"AutoEQ Mlr3.9 2020-07-30 13:48 UTC [2020-07-30 06:48 PDT] 1 mi N of Pacoima, CA depth 07 km https://t.co/GfOHFWBfS0",None,None,None,None,None,13,8,twty,"Pasadena, CA","{'hashtags': [], 'symbols': [], 'user_mentions': [], 'urls': [{'url': 'https://t.co/GfOHFWBfS0', 'expanded_url': 'http://earthquake.usgs.gov/earthquakes/eventpage/ci39322767#executive', 'display_url': 'earthquake.usgs.gov/earthquakes/ev…', 'indices': [92, 115]}]}",3673,FALSE,3,FALSE,Caltech Quake Bot,FALSE,FALSE,pt,"Results preliminary and subject to change upon review. Visit our website for more info. ""AutoEQ"" = Automated post. All others are manual posts by the SCSN.",FALSE,CaltechQuake,7177,FALSE,FALSE
108,1.2888E+18,7/30/2020 11:40,"AutoEQ Ml3.3 2020-07-30 11:38 UTC [2020-07-30 04:38 PDT] 1 mi N of Pacoima, CA depth 09 km https://t.co/V9Osxa96zS",None,None,None,None,None,6,4,twty,"Pasadena, CA","{'hashtags': [], 'symbols': [], 'user_mentions': [], 'urls': [{'url': 'https://t.co/V9Osxa96zS', 'expanded_url': 'http://earthquake.usgs.gov/earthquakes/eventpage/ci39322383#executive', 'display_url': 'earthquake.usgs.gov/earthquakes/ev…', 'indices': [91, 114]}]}",3673,FALSE,3,FALSE,Caltech Quake Bot,FALSE,FALSE,pl,"Results preliminary and subject to change upon review. Visit our website for more info. ""AutoEQ"" = Automated post. All others are manual posts by the SCSN.",FALSE,CaltechQuake,7177,FALSE,FALSE
109,1.2888E+18,7/30/2020 11:39,"M4.2 2km N of #Pacoima, CA, #SouthernCalifornia #Earthquake confirmed valid. Updated analysis coming soon @ https://t.co/JbXZh5iDUr",None,None,None,None,None,25,18,Twitter Web App,"Pasadena, CA","{'hashtags': [{'text': 'Pacoima', 'indices': [14, 22]}, {'text': 'SouthernCalifornia', 'indices': [28, 47]}, {'text': 'Earthquake', 'indices': [48, 59]}], 'symbols': [], 'user_mentions': [], 'urls': [{'url': 'https://t.co/JbXZh5iDUr', 'expanded_url': 'http://www.scsn.org/index.php/earthquakes/latest-earthquake-information/index.html', 'display_url': 'scsn.org/index.php/eart…', 'indices': [108, 131]}]}",3673,FALSE,3,FALSE,Caltech Quake Bot,FALSE,FALSE,en,"Results preliminary and subject to change upon review. Visit our website for more info. ""AutoEQ"" = Automated post. All others are manual posts by the SCSN.",FALSE,CaltechQuake,7177,FALSE,FALSE
110,1.2888E+18,7/30/2020 11:31,"AutoEQ Mlr4.3 2020-07-30 11:29 UTC [2020-07-30 04:29 PDT] 1 mi N of Pacoima, CA depth 08 km https://t.co/QeIMUC117g",None,None,None,None,None,16,16,twty,"Pasadena, CA","{'hashtags': [], 'symbols': [], 'user_mentions': [], 'urls': [{'url': 'https://t.co/QeIMUC117g', 'expanded_url': 'http://earthquake.usgs.gov/earthquakes/eventpage/ci39322287#executive', 'display_url': 'earthquake.usgs.gov/earthquakes/ev…', 'indices': [92, 115]}]}",3673,FALSE,3,FALSE,Caltech Quake Bot,FALSE,FALSE,pt,"Results preliminary and subject to change upon review. Visit our website for more info. ""AutoEQ"" = Automated post. All others are manual posts by the SCSN.",FALSE,CaltechQuake,7177,FALSE,FALSE
111,1.28751E+18,7/26/2020 21:59,"AutoEQ Ml2.8 2020-07-26 21:57 UTC [2020-07-26 14:57 PDT] 4 mi WNW of Delta, B.C., MX depth 03 km https://t.co/24hfBGPTK3",None,None,None,None,None,0,0,twty,"Pasadena, CA","{'hashtags': [], 'symbols': [], 'user_mentions': [], 'urls': [{'url': 'https://t.co/24hfBGPTK3', 'expanded_url': 'http://earthquake.usgs.gov/earthquakes/eventpage/ci38610306#executive', 'display_url': 'earthquake.usgs.gov/earthquakes/ev…', 'indices': [97, 120]}]}",3673,FALSE,3,FALSE,Caltech Quake Bot,FALSE,FALSE,en,"Results preliminary and subject to change upon review. Visit our website for more info. ""AutoEQ"" = Automated post. All others are manual posts by the SCSN.",FALSE,CaltechQuake,7177,FALSE,FALSE
112,1.28656E+18,7/24/2020 7:07,"AutoEQ Mlr3.6 2020-07-24 07:05 UTC [2020-07-24 00:05 PDT] 11 mi SSE of Lone Pine, CA depth 06 km https://t.co/1o9MsrkJnh",None,None,None,None,None,1,1,twty,"Pasadena, CA","{'hashtags': [], 'symbols': [], 'user_mentions': [], 'urls': [{'url': 'https://t.co/1o9MsrkJnh', 'expanded_url': 'http://earthquake.usgs.gov/earthquakes/eventpage/ci38605954#executive', 'display_url': 'earthquake.usgs.gov/earthquakes/ev…', 'indices': [97, 120]}]}",3673,FALSE,3,FALSE,Caltech Quake Bot,FALSE,FALSE,ro,"Results preliminary and subject to change upon review. Visit our website for more info. ""AutoEQ"" = Automated post. All others are manual posts by the SCSN.",FALSE,CaltechQuake,7177,FALSE,FALSE
113,1.28656E+18,7/24/2020 7:07,"AutoEQ Mlr3.6 2020-07-24 07:05 UTC [2020-07-24 00:05 PDT] 11 mi SSE of Lone Pine, CA depth 06 km https://t.co/1o9MsrkJnh",None,None,None,None,None,1,1,twty,"Pasadena, CA","{'hashtags': [], 'symbols': [], 'user_mentions': [], 'urls': [{'url': 'https://t.co/1o9MsrkJnh', 'expanded_url': 'http://earthquake.usgs.gov/earthquakes/eventpage/ci38605954#executive', 'display_url': 'earthquake.usgs.gov/earthquakes/ev…', 'indices': [97, 120]}]}",3673,FALSE,3,FALSE,Caltech Quake Bot,FALSE,FALSE,ro,"Results preliminary and subject to change upon review. Visit our website for more info. ""AutoEQ"" = Automated post. All others are manual posts by the SCSN.",FALSE,CaltechQuake,7177,FALSE,FALSE
114,1.28617E+18,7/23/2020 5:21,"AutoEQ Ml3.0 2020-07-23 05:19 UTC [2020-07-22 22:19 PDT] 11 mi SSE of Lone Pine, CA depth 03 km https://t.co/eYOcYyDmrM",None,None,None,None,None,0,1,twty,"Pasadena, CA","{'hashtags': [], 'symbols': [], 'user_mentions': [], 'urls': [{'url': 'https://t.co/eYOcYyDmrM', 'expanded_url': 'http://earthquake.usgs.gov/earthquakes/eventpage/ci38604050#executive', 'display_url': 'earthquake.usgs.gov/earthquakes/ev…', 'indices': [96, 119]}]}",3673,FALSE,3,FALSE,Caltech Quake Bot,FALSE,FALSE,en,"Results preliminary and subject to change upon review. Visit our website for more info. ""AutoEQ"" = Automated post. All others are manual posts by the SCSN.",FALSE,CaltechQuake,7177,FALSE,FALSE
115,1.28613E+18,7/23/2020 2:31,"AutoEQ Ml2.8 2020-07-23 02:29 UTC [2020-07-22 19:29 PDT] 11 mi SSE of Lone Pine, CA depth 02 km https://t.co/vcepN9M72i",None,None,None,None,None,1,0,twty,"Pasadena, CA","{'hashtags': [], 'symbols': [], 'user_mentions': [], 'urls': [{'url': 'https://t.co/vcepN9M72i', 'expanded_url': 'http://earthquake.usgs.gov/earthquakes/eventpage/ci38603874#executive', 'display_url': 'earthquake.usgs.gov/earthquakes/ev…', 'indices': [96, 119]}]}",3673,FALSE,3,FALSE,Caltech Quake Bot,FALSE,FALSE,en,"Results preliminary and subject to change upon review. Visit our website for more info. ""AutoEQ"" = Automated post. All others are manual posts by the SCSN.",FALSE,CaltechQuake,7177,FALSE,FALSE
116,1.2861E+18,7/23/2020 0:31,"AutoEQ Mlr3.6 2020-07-23 00:29 UTC [2020-07-22 17:29 PDT] 11 mi SSE of Lone Pine, CA depth 04 km https://t.co/EFTJrNdk46",None,None,None,None,None,0,2,twty,"Pasadena, CA","{'hashtags': [], 'symbols': [], 'user_mentions': [], 'urls': [{'url': 'https://t.co/EFTJrNdk46', 'expanded_url': 'http://earthquake.usgs.gov/earthquakes/eventpage/ci38603762#executive', 'display_url': 'earthquake.usgs.gov/earthquakes/ev…', 'indices': [97, 120]}]}",3673,FALSE,3,FALSE,Caltech Quake Bot,FALSE,FALSE,ro,"Results preliminary and subject to change upon review. Visit our website for more info. ""AutoEQ"" = Automated post. All others are manual posts by the SCSN.",FALSE,CaltechQuake,7177,FALSE,FALSE
117,1.28586E+18,7/22/2020 9:07,"AutoEQ Ml2.8 2020-07-22 09:05 UTC [2020-07-22 02:05 PDT] 4 mi WNW of Alberto Oviedo Mota, B.C., MX depth 26 km https://t.co/sWsLOhtK0N",None,None,None,None,None,0,1,twty,"Pasadena, CA","{'hashtags': [], 'symbols': [], 'user_mentions': [], 'urls': [{'url': 'https://t.co/sWsLOhtK0N', 'expanded_url': 'http://earthquake.usgs.gov/earthquakes/eventpage/ci38602194#executive', 'display_url': 'earthquake.usgs.gov/earthquakes/ev…', 'indices': [111, 134]}]}",3673,FALSE,3,FALSE,Caltech Quake Bot,FALSE,FALSE,en,"Results preliminary and subject to change upon review. Visit our website for more info. ""AutoEQ"" = Automated post. All others are manual posts by the SCSN.",FALSE,CaltechQuake,7177,FALSE,FALSE
118,1.28533E+18,7/20/2020 22:04,"AutoEQ Mlr3.6 2020-07-20 22:01 UTC [2020-07-20 15:01 PDT] 6 mi W of Grapevine, CA depth 12 km https://t.co/pFwESZJVsc",None,None,None,None,None,1,0,twty,"Pasadena, CA","{'hashtags': [], 'symbols': [], 'user_mentions': [], 'urls': [{'url': 'https://t.co/pFwESZJVsc', 'expanded_url': 'http://earthquake.usgs.gov/earthquakes/eventpage/ci38599882#executive', 'display_url': 'earthquake.usgs.gov/earthquakes/ev…', 'indices': [94, 117]}]}",3673,FALSE,3,FALSE,Caltech Quake Bot,FALSE,FALSE,pl,"Results preliminary and subject to change upon review. Visit our website for more info. ""AutoEQ"" = Automated post. All others are manual posts by the SCSN.",FALSE,CaltechQuake,7177,FALSE,FALSE
119,1.28425E+18,7/17/2020 22:15,"AutoEQ Ml3.0 2020-07-17 22:13 UTC [2020-07-17 15:13 PDT] 8 mi NE of Ridgecrest, CA depth 02 km https://t.co/9f74XnmTjt",None,None,None,None,None,0,1,twty,"Pasadena, CA","{'hashtags': [], 'symbols': [], 'user_mentions': [], 'urls': [{'url': 'https://t.co/9f74XnmTjt', 'expanded_url': 'http://earthquake.usgs.gov/earthquakes/eventpage/ci38595986#executive', 'display_url': 'earthquake.usgs.gov/earthquakes/ev…', 'indices': [95, 118]}]}",3673,FALSE,3,FALSE,Caltech Quake Bot,FALSE,FALSE,en,"Results preliminary and subject to change upon review. Visit our website for more info. ""AutoEQ"" = Automated post. All others are manual posts by the SCSN.",FALSE,CaltechQuake,7177,FALSE,FALSE
120,1.28353E+18,7/15/2020 22:48,"AutoEQ Ml3.0 2020-07-15 22:46 UTC [2020-07-15 15:46 PDT] 11 mi SE of Ocotillo Wells, CA depth 10 km https://t.co/wSPYnG4Dlm",None,None,None,None,None,2,1,twty,"Pasadena, CA","{'hashtags': [], 'symbols': [], 'user_mentions': [], 'urls': [{'url': 'https://t.co/wSPYnG4Dlm', 'expanded_url': 'http://earthquake.usgs.gov/earthquakes/eventpage/ci38592114#executive', 'display_url': 'earthquake.usgs.gov/earthquakes/ev…', 'indices': [100, 123]}]}",3673,FALSE,3,FALSE,Caltech Quake Bot,FALSE,FALSE,en,"Results preliminary and subject to change upon review. Visit our website for more info. ""AutoEQ"" = Automated post. All others are manual posts by the SCSN.",FALSE,CaltechQuake,7177,FALSE,FALSE
121,1.28301E+18,7/14/2020 12:17,"AutoEQ Ml3.6 2020-07-14 12:15 UTC [2020-07-14 05:15 PDT] 10 mi SSE of Lone Pine, CA depth 03 km https://t.co/LUhXmq9aA8",None,None,None,None,None,1,0,twty,"Pasadena, CA","{'hashtags': [], 'symbols': [], 'user_mentions': [], 'urls': [{'url': 'https://t.co/LUhXmq9aA8', 'expanded_url': 'http://earthquake.usgs.gov/earthquakes/eventpage/ci39292639#executive', 'display_url': 'earthquake.usgs.gov/earthquakes/ev…', 'indices': [96, 119]}]}",3673,FALSE,3,FALSE,Caltech Quake Bot,FALSE,FALSE,en,"Results preliminary and subject to change upon review. Visit our website for more info. ""AutoEQ"" = Automated post. All others are manual posts by the SCSN.",FALSE,CaltechQuake,7177,FALSE,FALSE
122,1.28249E+18,7/13/2020 1:20,"AutoEQ Ml2.8 2020-07-13 01:18 UTC [2020-07-12 18:18 PDT] 4 mi SE of Carpinteria, CA depth 03 km https://t.co/YjqmCirGMn",None,None,None,None,None,1,1,twty,"Pasadena, CA","{'hashtags': [], 'symbols': [], 'user_mentions': [], 'urls': [{'url': 'https://t.co/YjqmCirGMn', 'expanded_url': 'http://earthquake.usgs.gov/earthquakes/eventpage/ci39291087#executive', 'display_url': 'earthquake.usgs.gov/earthquakes/ev…', 'indices': [96, 119]}]}",3673,FALSE,3,FALSE,Caltech Quake Bot,FALSE,FALSE,ro,"Results preliminary and subject to change upon review. Visit our website for more info. ""AutoEQ"" = Automated post. All others are manual posts by the SCSN.",FALSE,CaltechQuake,7177,FALSE,FALSE
123,1.28117E+18,7/9/2020 10:05,"AutoEQ Ml3.0 2020-07-09 10:03 UTC [2020-07-09 03:03 PDT] 4 mi SSE of Pedley, CA depth 05 km https://t.co/BKpMJ34vhn",None,None,None,None,None,2,1,twty,"Pasadena, CA","{'hashtags': [], 'symbols': [], 'user_mentions': [], 'urls': [{'url': 'https://t.co/BKpMJ34vhn', 'expanded_url': 'http://earthquake.usgs.gov/earthquakes/eventpage/ci39285575#executive', 'display_url': 'earthquake.usgs.gov/earthquakes/ev…', 'indices': [92, 115]}]}",3673,FALSE,3,FALSE,Caltech Quake Bot,FALSE,FALSE,en,"Results preliminary and subject to change upon review. Visit our website for more info. ""AutoEQ"" = Automated post. All others are manual posts by the SCSN.",FALSE,CaltechQuake,7177,FALSE,FALSE
124,1.28033E+18,7/7/2020 2:36,"AutoEQ Ml3.4 2020-07-07 02:34 UTC [2020-07-06 19:34 PDT] 6 mi N of Borrego Springs, CA depth 11 km https://t.co/s6ueO2yNuD",None,None,None,None,None,0,2,twty,"Pasadena, CA","{'hashtags': [], 'symbols': [], 'user_mentions': [], 'urls': [{'url': 'https://t.co/s6ueO2yNuD', 'expanded_url': 'http://earthquake.usgs.gov/earthquakes/eventpage/ci39282359#executive', 'display_url': 'earthquake.usgs.gov/earthquakes/ev…', 'indices': [99, 122]}]}",3673,FALSE,3,FALSE,Caltech Quake Bot,FALSE,FALSE,pl,"Results preliminary and subject to change upon review. Visit our website for more info. ""AutoEQ"" = Automated post. All others are manual posts by the SCSN.",FALSE,CaltechQuake,7177,FALSE,FALSE
125,1.28014E+18,7/6/2020 13:44,"AutoEQ Ml3.0 2020-07-06 13:42 UTC [2020-07-06 06:42 PDT] 11 mi SSE of Lone Pine, CA depth 03 km https://t.co/5HyJ5bsoTt",None,None,None,None,None,0,0,twty,"Pasadena, CA","{'hashtags': [], 'symbols': [], 'user_mentions': [], 'urls': [{'url': 'https://t.co/5HyJ5bsoTt', 'expanded_url': 'http://earthquake.usgs.gov/earthquakes/eventpage/ci39281447#executive', 'display_url': 'earthquake.usgs.gov/earthquakes/ev…', 'indices': [96, 119]}]}",3673,FALSE,3,FALSE,Caltech Quake Bot,FALSE,FALSE,en,"Results preliminary and subject to change upon review. Visit our website for more info. ""AutoEQ"" = Automated post. All others are manual posts by the SCSN.",FALSE,CaltechQuake,7177,FALSE,FALSE
126,1.27998E+18,7/6/2020 3:07,"AutoEQ Ml2.9 2020-07-06 03:05 UTC [2020-07-05 20:05 PDT] 22 mi ENE of Lucerne Valley, CA depth 07 km https://t.co/mKBnYDsBhi",None,None,None,None,None,0,1,twty,"Pasadena, CA","{'hashtags': [], 'symbols': [], 'user_mentions': [], 'urls': [{'url': 'https://t.co/mKBnYDsBhi', 'expanded_url': 'http://earthquake.usgs.gov/earthquakes/eventpage/ci39281039#executive', 'display_url': 'earthquake.usgs.gov/earthquakes/ev…', 'indices': [101, 124]}]}",3673,FALSE,3,FALSE,Caltech Quake Bot,FALSE,FALSE,es,"Results preliminary and subject to change upon review. Visit our website for more info. ""AutoEQ"" = Automated post. All others are manual posts by the SCSN.",FALSE,CaltechQuake,7177,FALSE,FALSE
127,1.27975E+18,7/5/2020 12:19,"AutoEQ Mlr3.5 2020-07-05 12:17 UTC [2020-07-05 05:17 PDT] 16 mi WNW of Ocotillo, CA depth 10 km https://t.co/ApZKQZIpeK",None,None,None,None,None,1,1,twty,"Pasadena, CA","{'hashtags': [], 'symbols': [], 'user_mentions': [], 'urls': [{'url': 'https://t.co/ApZKQZIpeK', 'expanded_url': 'http://earthquake.usgs.gov/earthquakes/eventpage/ci39280319#executive', 'display_url': 'earthquake.usgs.gov/earthquakes/ev…', 'indices': [96, 119]}]}",3673,FALSE,3,FALSE,Caltech Quake Bot,FALSE,FALSE,en,"Results preliminary and subject to change upon review. Visit our website for more info. ""AutoEQ"" = Automated post. All others are manual posts by the SCSN.",FALSE,CaltechQuake,7177,FALSE,FALSE
128,1.27966E+18,7/5/2020 5:58,"AutoEQ Ml2.8 2020-07-05 05:56 UTC [2020-07-04 22:56 PDT] 11 mi SSE of Lone Pine, CA depth 02 km https://t.co/FcuvSe3BzQ",None,None,None,None,None,0,1,twty,"Pasadena, CA","{'hashtags': [], 'symbols': [], 'user_mentions': [], 'urls': [{'url': 'https://t.co/FcuvSe3BzQ', 'expanded_url': 'http://earthquake.usgs.gov/earthquakes/eventpage/ci39280095#executive', 'display_url': 'earthquake.usgs.gov/earthquakes/ev…', 'indices': [96, 119]}]}",3673,FALSE,3,FALSE,Caltech Quake Bot,FALSE,FALSE,en,"Results preliminary and subject to change upon review. Visit our website for more info. ""AutoEQ"" = Automated post. All others are manual posts by the SCSN.",FALSE,CaltechQuake,7177,FALSE,FALSE
